==============================================================================
/home/tiago/work/lua/lua-gdpr-iab-tcfv2/.rocks/share/lua/5.1/busted/block.lua
==============================================================================
********0 local getfenv = require 'busted.compatibility'.getfenv
********0 local unpack = require 'busted.compatibility'.unpack
********0 local shuffle = require 'busted.utils'.shuffle

          local function sort(elements)
********0   table.sort(elements, function(t1, t2)
********0     if t1.name and t2.name then
********0       return t1.name < t2.name
              end
********0     return t2.name ~= nil
            end)
********0   return elements
          end

          return function(busted)
        3   local block = {}
        3   local root = busted.context.get()

        3   function block.reject(descriptor, element)
      578     element.env[descriptor] = function(...)
********0       error("'" .. descriptor .. "' not supported inside current context block", 2)
              end
            end

        3   function block.rejectAll(element)
       34     local env = getfenv(element.run)
       34     block.reject('randomize', element)
      612     for descriptor, _ in pairs(busted.executors) do
      578       if root.env[descriptor] and (env ~= _G and env[descriptor] or rawget(env, descriptor)) then
      544         block.reject(descriptor, element)
                end
              end
            end

            local function exec(descriptor, element)
********0     if not element.env then element.env = {} end
********0     block.rejectAll(element)
********0     local ret = { busted.safe(descriptor, element.run, element) }
********0     return unpack(ret)
            end

        3   function block.execAllOnce(descriptor, current, err)
      120     local parent = busted.context.parent(current)

      120     if parent then
       86       local success = block.execAllOnce(descriptor, parent)
       86       if not success then
********0         return success
                end
              end

      120     if not current[descriptor] then
       25       current[descriptor] = {}
              end
      120     local list = current[descriptor]
      120     if list.success ~= nil then
       95       return list.success
              end

       25     local success = true
       25     for _, v in ipairs(list) do
********0       if not exec(descriptor, v):success() then
********0         if err then err(descriptor) end
********0         success = false
                end
              end

       25     list.success = success

       25     return success
            end

        3   function block.execAll(descriptor, current, propagate, err)
      145     local parent = busted.context.parent(current)

      145     if propagate and parent then
       86       local success, ancestor = block.execAll(descriptor, parent, propagate)
       86       if not success then
********0         return success, ancestor
                end
              end

      145     local list = current[descriptor] or {}

      145     local success = true
      145     for _, v in ipairs(list) do
********0       if not exec(descriptor, v):success() then
********0         if err then err(descriptor) end
********0         success = nil
                end
              end
      145     return success, current
            end

        3   function block.dexecAll(descriptor, current, propagate, err)
      170     local parent = busted.context.parent(current)
      170     local list = current[descriptor] or {}

      170     local success = true
      170     for _, v in ipairs(list) do
********0       if not exec(descriptor, v):success() then
********0         if err then err(descriptor) end
********0         success = nil
                end
              end

      170     if propagate and parent then
       86       if not block.dexecAll(descriptor, parent, propagate) then
********0         success = nil
                end
              end
      170     return success
            end

        3   function block.lazySetup(element, err)
       34     return block.execAllOnce('lazy_setup', element, err)
            end

        3   function block.lazyTeardown(element, err)
       25     if element.lazy_setup and element.lazy_setup.success ~= nil then
       25       block.dexecAll('lazy_teardown', element, nil, err)
       25       element.lazy_setup.success = nil
              end
            end

        3   function block.setup(element, err)
       25       return block.execAll('strict_setup', element, nil, err)
            end

        3   function block.teardown(element, err)
       25       return block.dexecAll('strict_teardown', element, nil, err)
            end

        3   function block.execute(descriptor, element)
       23     if not element.env then element.env = {} end

       23     local randomize = busted.randomize
       23     local randomseed = busted.randomseed
       23     element.env.randomize = function(...)
********0       randomize = (select('#', ...) == 0 or ...)
********0       if randomize then
********0         randomseed = tonumber(({...})[1]) or tonumber(({...})[2]) or randomseed
                end
              end

       23     if busted.safe(descriptor, element.run, element):success() then
       22       if busted.sort then
********0         sort(busted.context.children(element))
       22       elseif randomize then
********0         element.randomseed = randomseed
********0         shuffle(busted.context.children(element), randomseed)
                end

       22       if block.setup(element) then
       22         busted.execute(element)
                end

       22       block.lazyTeardown(element)
       22       block.teardown(element)
              end
            end

        3   return block
          end

==============================================================================
/home/tiago/work/lua/lua-gdpr-iab-tcfv2/.rocks/share/lua/5.1/busted/compatibility.lua
==============================================================================
********0 return {
********0   getfenv = getfenv or function(f)
********0     f = (type(f) == 'function' and f or debug.getinfo(f + 1, 'f').func)
              local name, value
********0     local up = 0

              repeat
********0       up = up + 1
********0       name, value = debug.getupvalue(f, up)
********0     until name == '_ENV' or name == nil

********0     return name and value or _G
            end,

********0   setfenv = setfenv or function(f, t)
********0     f = (type(f) == 'function' and f or debug.getinfo(f + 1, 'f').func)
              local name
********0     local up = 0

              repeat
********0       up = up + 1
********0       name = debug.getupvalue(f, up)
********0     until name == '_ENV' or name == nil

********0     if name then
********0       debug.upvaluejoin(f, up, function() return name end, 1)
********0       debug.setupvalue(f, up, t)
              end

********0     if f ~= 0 then return f end
            end,

            loadstring = loadstring or load,
            unpack = table.unpack or unpack,

            exit = function(code, force)
        1     if not force and code ~= 0 and _VERSION:match('^Lua 5%.[12]$') then
        1       error()
********0     elseif code ~= 0 then
********0       code = 1
              end
********0     if _VERSION == 'Lua 5.1' and
********0       (type(jit) ~= 'table' or not jit.version or jit.version_num < 20000) then
                -- From Lua 5.1 manual:
                -- > The userdata itself is freed only in the next
                -- > garbage-collection cycle.
                -- Call collectgarbage() while collectgarbage('count')
                -- changes + 3 times, at least 3 times,
                -- at max 100 times (to prevent infinite loop).
********0       local times_const = 0
********0       for i = 1, 100 do
********0         local count_before = collectgarbage("count")
********0         collectgarbage()
********0         local count_after = collectgarbage("count")
********0         if count_after == count_before then
********0           times_const = times_const + 1
********0           if times_const > 3 then
                      break
                    end
                  else
********0           times_const = 0
                  end
                end
              end
********0     os.exit(code, true)
            end,

            execute = require 'pl.utils'.execute,
          }

==============================================================================
/home/tiago/work/lua/lua-gdpr-iab-tcfv2/.rocks/share/lua/5.1/busted/context.lua
==============================================================================
********0 local tablex = require 'pl.tablex'

          local function save()
        9   local g = {}
      387   for k,_ in next, _G, nil do
      378     g[k] = rawget(_G, k)
            end
        9   return {
        9     gmt = debug.getmetatable(_G),
        9     g = g,
        9     loaded = tablex.copy(package.loaded)
        9   }
          end

          local function restore(state)
        9   setmetatable(_G, state.gmt)
      387   for k,_ in next, _G, nil do
      378     rawset(_G, k, state.g[k])
            end
      387   for k, v in next, state.g, nil do
              -- reset globals that were set to nil during the insulation block
      378     if rawget(_G, k) == nil then
********0       rawset(_G, k, v)
              end
            end
     1462   local sync = function(k) package.loaded[k] = state.loaded[k] end
      760   for k,_ in pairs(package.loaded) do sync(k) end
      711   for k,_ in pairs(state.loaded) do sync(k) end
          end

          return function()
********0   local context = {}

********0   local data = { descriptor = 'suite', attributes = {} }
********0   local parents = {}
********0   local children = {}
********0   local stack = {}
********0   local states = {}

********0   function context.ref()
********0     local ref = {}
********0     local ctx = data

              local function unwrap(element, levels)
********0       local levels = levels or 1
********0       local parent = element
********0       for i = 1, levels do
********0         parent = ref.parent(parent)
********0         if not parent then break end
                end
********0       if not element.env then element.env = {} end
********0       setmetatable(element.env, {
                  __newindex = function(self, key, value)
********0           if not parent then
********0             _G[key] = value
                    else
********0             if not parent.env then parent.env = {} end
********0             parent.env[key] = value
                    end
                  end
                })
              end

              local function push_state(current)
       57       local state = false
       57       if current.attributes.envmode == 'insulate' then
        9         state = save()
       48       elseif current.attributes.envmode == 'unwrap' then
********0         unwrap(current)
       48       elseif current.attributes.envmode == 'expose' then
********0         unwrap(current, 2)
                end
       57       table.insert(states, state)
              end

              local function pop_state(current)
       57       local state = table.remove(states)
       57       if current.attributes.envmode == 'expose' then
********0         states[#states] = states[#states] and save()
                end
       57       if state then
        9         restore(state)
                end
              end

********0     function ref.get(key)
     2458       if not key then return ctx end
********0       return ctx[key]
              end

********0     function ref.set(key, value)
********0       ctx[key] = value
              end

********0     function ref.clear()
********0       data = { descriptor = 'suite', attributes = {} }
********0       parents = {}
********0       children = {}
********0       stack = {}
********0       states = {}
********0       ctx = data
              end

********0     function ref.attach(child)
       57       if not children[ctx] then children[ctx] = {} end
       57       parents[child] = ctx
       57       table.insert(children[ctx], child)
              end

********0     function ref.children(parent)
       28       return children[parent] or {}
              end

********0     function ref.parent(child)
     8037       return parents[child]
              end

********0     function ref.push(current)
      234       if not parents[current] and current ~= data then error('Detached child. Cannot push.') end
      234       if ctx ~= current then push_state(current) end
      234       table.insert(stack, ctx)
      234       ctx = current
              end

********0     function ref.pop()
      234       local current = ctx
      234       ctx = table.remove(stack)
      234       if ctx ~= current then pop_state(current) end
      234       if not ctx then error('Context stack empty. Cannot pop.') end
              end

********0     return ref
            end

********0   return context
          end

==============================================================================
/home/tiago/work/lua/lua-gdpr-iab-tcfv2/.rocks/share/lua/5.1/busted/core.lua
==============================================================================
********0 local getfenv = require 'busted.compatibility'.getfenv
********0 local setfenv = require 'busted.compatibility'.setfenv
********0 local unpack = require 'busted.compatibility'.unpack
********0 local throw = error

********0 local failureMt = {
            __index = {},
            __tostring = function(e) return tostring(e.message) end,
********0   __type = 'failure'
          }

********0 local failureMtNoString = {
            __index = {},
********0   __type = 'failure'
          }

********0 local pendingMt = {
            __index = {},
            __tostring = function(p) return p.message end,
********0   __type = 'pending'
          }

          local function errortype(obj)
        1   local mt = debug.getmetatable(obj)
        1   if mt == failureMt or mt == failureMtNoString then
********0     return 'failure'
        1   elseif mt == pendingMt then
********0     return 'pending'
            end
        1   return 'error'
          end

          local function hasToString(obj)
        1   return type(obj) == 'string' or (debug.getmetatable(obj) or {}).__tostring
          end

          local function isCallable(obj)
        9   return type(obj) == 'function' or (debug.getmetatable(obj) or {}).__call
          end

          return function()
********0   local mediator = require 'mediator'()
********0   local path = require 'pl.path'
********0   local pretty = require 'pl.pretty'
********0   local system = require 'system'

********0   local busted = {}
********0   busted.version = '2.3.0'

********0   local root = require 'busted.context'()
********0   busted.context = root.ref()

********0   local environment = require 'busted.environment'(busted.context)

********0   busted.api = {}
********0   busted.executors = {}
********0   local executors = {}
********0   local eattributes = {}

********0   busted.gettime = system.gettime
********0   busted.monotime = system.monotime
********0   busted.sleep = system.sleep
********0   busted.status = require 'busted.status'

********0   function busted.getTrace(element, level, msg)
              local function trimTrace(info)
********0       local index = info.traceback:find('\n%s*%[C]')
********0       info.traceback = info.traceback:sub(1, index)
********0       return info
              end
       49     level = level or  3

       49     local thisdir = path.dirname(debug.getinfo(1, 'Sl').source)
       49     local info = debug.getinfo(level, 'Sl')
       50     while info.what == 'C' or info.short_src:match('luassert[/\\].*%.lua$') or
       49           (info.source:sub(1,1) == '@' and thisdir == path.dirname(info.source)) do
        1       level = level + 1
        1       info = debug.getinfo(level, 'Sl')
              end

       49     info.traceback = debug.traceback('', level)
       49     info.message = tostring(msg)

       49     local file = busted.getFile(element)
       49     return file and file.getTrace(file.name, info) or trimTrace(info)
            end

********0   function busted.rewriteMessage(element, message, trace)
        1     local file = busted.getFile(element)
        1     local msg = hasToString(message) and tostring(message)
        1     msg = msg or (message ~= nil and pretty.write(message) or 'Nil error')
        1     msg = (file and file.rewriteMessage and file.rewriteMessage(file.name, msg) or msg)

        1     local hasFileLine = msg:match('^[^\n]-:%d+: .*')
        1     if not hasFileLine then
********0       local trace = trace or busted.getTrace(element, 3, message)
********0       local fileline = trace.short_src .. ':' .. trace.currentline .. ': '
********0       msg = fileline .. msg
              end

        1     return msg
            end

********0   function busted.publish(...)
      181     return mediator:publish(...)
            end

********0   function busted.subscribe(...)
      102     return mediator:subscribe(...)
            end

********0   function busted.unsubscribe(...)
********0     return mediator:removeSubscriber(...)
            end

********0   function busted.getFile(element)
       50     local parent = busted.context.parent(element)

       68     while parent do
       68       if parent.file then
       10         local file = parent.file[1]
       10         return {
       10           name = file.name,
       10           getTrace = file.run.getTrace,
       10           rewriteMessage = file.run.rewriteMessage
       10         }
                end

       58       if parent.descriptor == 'file' then
       40         return {
       40           name = parent.name,
       40           getTrace = parent.run.getTrace,
       40           rewriteMessage = parent.run.rewriteMessage
       40         }
                end

       18       parent = busted.context.parent(parent)
              end

********0     return parent
            end

********0   function busted.fail(msg, level)
********0     local rawlevel = (type(level) ~= 'number' or level <= 0) and level
********0     local level = level or 1
********0     local _, emsg = pcall(throw, msg, rawlevel or level+2)
********0     local e = { message = emsg }
********0     setmetatable(e, hasToString(msg) and failureMt or failureMtNoString)
********0     throw(e, rawlevel or level+1)
            end

********0   function busted.pending(msg)
********0     local p = { message = msg }
********0     setmetatable(p, pendingMt)
********0     throw(p)
            end

********0   function busted.bindfenv(callable, var, value)
********0     local env = {}
********0     local f = (debug.getmetatable(callable) or {}).__call or callable
********0     setmetatable(env, { __index = getfenv(f) })
********0     env[var] = value
********0     setfenv(f, env)
            end

********0   function busted.wrap(callable)
        9     if isCallable(callable) then
                -- prioritize __call if it exists, like in files
        9       environment.wrap((debug.getmetatable(callable) or {}).__call or callable)
              end
            end

********0   function busted.safe(descriptor, run, element)
      234     busted.context.push(element)
              local trace, message
      234     local status = 'success'

      468     local ret = { xpcall(run, function(msg)
        1       status = errortype(msg)
        1       trace = busted.getTrace(element, 3, msg)
        1       message = busted.rewriteMessage(element, msg, trace)
      469     end) }

      234     if not ret[1] then
        1       if status == 'success' then
********0         status = 'error'
********0         trace = busted.getTrace(element, 3, ret[2])
********0         message = busted.rewriteMessage(element, ret[2], trace)
        1       elseif status == 'failure' and descriptor ~= 'it' then
                  -- Only 'it' blocks can generate test failures. Failures in all
                  -- other blocks are errors outside the test.
********0         status = 'error'
                end
                -- Note: descriptor may be different from element.descriptor when
                -- safe_publish is used (i.e. for test start/end). The safe_publish
                -- descriptor needs to be different for 'it' blocks so that we can
                -- detect that a 'failure' in a test start/end handler is not really
                -- a test failure, but rather an error outside the test, much like a
                -- failure in a support function (i.e. before_each/after_each or
                -- setup/teardown).
        1       busted.publish({ status, element.descriptor }, element, busted.context.parent(element), message, trace)
              end
      234     ret[1] = busted.status(status)

      234     busted.context.pop()
      234     return unpack(ret)
            end

********0   function busted.safe_publish(descriptor, channel, element, ...)
      120     local args = {...}
      120     local n = select('#', ...)
      120     if channel[2] == 'start' then
       60       element.starttick = busted.monotime()
       60       element.starttime = busted.gettime()
       60     elseif channel[2] == 'end' then
       60       element.endtime = busted.gettime()
       60       element.endtick = busted.monotime()
       60       element.duration = element.starttick and (element.endtick - element.starttick)
              end
      240     local status = busted.safe(descriptor, function()
      120       busted.publish(channel, element, unpack(args, 1, n))
      240     end, element)
      120     return status:success()
            end

********0   function busted.exportApi(key, value)
********0     busted.api[key] = value
            end

********0   function busted.export(key, value)
********0     busted.exportApi(key, value)
********0     environment.set(key, value)
            end

********0   function busted.hide(key, value)
********0     busted.api[key] = nil
********0     environment.set(key, nil)
            end

********0   function busted.register(descriptor, executor, attributes)
              local alias = nil
********0     if type(executor) == 'string' then
********0       alias = descriptor
********0       descriptor = executor
********0       executor = executors[descriptor]
********0       attributes = attributes or eattributes[descriptor]
********0       executors[alias] = executor
********0       eattributes[alias] = attributes
              else
********0       if executor ~= nil and not isCallable(executor) then
********0         attributes = executor
********0         executor = nil
                end
********0       executors[descriptor] = executor
********0       eattributes[descriptor] = attributes
              end

              local publisher = function(name, fn)
       57       if not fn and type(name) == 'function' then
********0         fn = name
********0         name = alias
       57       elseif not fn then
********0         fn = attributes and attributes.default_fn
                end

                local trace

       57       local ctx = busted.context.get()
       57       if busted.context.parent(ctx) then
       48         trace = busted.getTrace(ctx, 3, name)
                end

                local publish = function(f)
       57         busted.publish({ 'register', descriptor }, name, f, trace, attributes)
                end

       57       if fn then publish(fn) else return publish end
              end

********0     local edescriptor = alias or descriptor
********0     busted.executors[edescriptor] = publisher
********0     busted.export(edescriptor, publisher)

********0     busted.subscribe({ 'register', descriptor }, function(name, fn, trace, attributes)
       57       local ctx = busted.context.get()
       57       local plugin = {
       57         descriptor = descriptor,
       57         attributes = attributes or {},
       57         name = name,
       57         run = fn,
       57         trace = trace,
       57         starttick = nil,
       57         endtick = nil,
       57         starttime = nil,
       57         endtime = nil,
       57         duration = nil,
                }

       57       busted.context.attach(plugin)

       57       if not ctx[descriptor] then
       25         ctx[descriptor] = { plugin }
                else
       32         ctx[descriptor][#ctx[descriptor]+1] = plugin
                end
              end)
            end

********0   function busted.execute(current)
       25     if not current then current = busted.context.get() end
       82     for _, v in pairs(busted.context.children(current)) do
       57       local executor = executors[v.descriptor]
       57       if executor and not busted.skipAll then
      114         busted.safe(v.descriptor, function() executor(v) end, v)
                end
              end
            end

********0   return busted
          end

==============================================================================
/home/tiago/work/lua/lua-gdpr-iab-tcfv2/.rocks/share/lua/5.1/busted/environment.lua
==============================================================================
********0 local setfenv = require 'busted.compatibility'.setfenv

          return function(context)

********0   local environment = {}

            local function getEnv(self, key)
     9589     if not self then return nil end
********0     return
     9462       self.env and self.env[key] or
     7288       getEnv(context.parent(self), key) or
     9462       _G[key]
            end

            local function setEnv(self, key, value)
********0     if not self.env then self.env = {} end
********0     self.env[key] = value
            end

            local function __index(self, key)
     2301     return getEnv(context.get(), key)
            end

            local function __newindex(self, key, value)
********0     setEnv(context.get(), key, value)
            end

********0   local env = setmetatable({}, { __index=__index, __newindex=__newindex })

********0   function environment.wrap(fn)
        9     return setfenv(fn, env)
            end

********0   function environment.set(key, value)
********0     local env = context.get('env')

********0     if not env then
********0       env = {}
********0       context.set('env', env)
              end

********0     env[key] = value
            end
********0   return environment
          end

==============================================================================
/home/tiago/work/lua/lua-gdpr-iab-tcfv2/.rocks/share/lua/5.1/busted/execute.lua
==============================================================================
        3 local shuffle = require 'busted.utils'.shuffle
        3 local urandom = require 'busted.utils'.urandom
        3 local tablex = require 'pl.tablex'

          local function sort(elements)
********0   table.sort(elements, function(t1, t2)
********0     if t1.name and t2.name then
********0       return t1.name < t2.name
              end
********0     return t2.name ~= nil
            end)
********0   return elements
          end

          return function(busted)
        3   local block = require 'busted.block'(busted)

            local function execute(runs, options)
        3     local root = busted.context.get()
        3     local children = tablex.copy(busted.context.children(root))

              local function suite_reset()
********0       local oldctx = busted.context.get()

********0       busted.context.clear()
********0       local ctx = busted.context.get()
********0       for k, v in pairs(oldctx) do
********0         ctx[k] = v
                end

********0       for _, child in ipairs(children) do
********0         for descriptor, _ in pairs(busted.executors) do
********0           child[descriptor] = nil
                  end
********0         busted.context.attach(child)
                end

********0       busted.randomseed = tonumber(options.seed) or urandom() or os.time()
              end

        6     for i = 1, runs do
        3       if i > 1 then
********0         suite_reset()
********0         root = busted.context.get()
********0         busted.safe_publish('suite', { 'suite', 'reset' }, root, i, runs)
                end

        3       if options.sort then
********0         sort(busted.context.children(root))
        3       elseif options.shuffle then
********0         root.randomseed = busted.randomseed
********0         shuffle(busted.context.children(root), busted.randomseed)
                end

        3       local seed = (busted.randomize and busted.randomseed or nil)
        3       if busted.safe_publish('suite', { 'suite', 'start' }, root, i, runs, seed) then
        3         if block.setup(root) then
        3           busted.execute()
                  end
        3         block.lazyTeardown(root)
        3         block.teardown(root)
                end
        3       busted.safe_publish('suite', { 'suite', 'end' }, root, i, runs)

        3       if busted.skipAll then
                  break
                end
              end
            end

        3   return execute
          end

==============================================================================
/home/tiago/work/lua/lua-gdpr-iab-tcfv2/.rocks/share/lua/5.1/busted/init.lua
==============================================================================
          local function init(busted)
********0   local block = require 'busted.block'(busted)

            local file = function(file)
        9     busted.wrap(file.run)
        9     if busted.safe_publish('file', { 'file', 'start' }, file) then
        9       block.execute('file', file)
              end
        9     busted.safe_publish('file', { 'file', 'end' }, file)
            end

            local describe = function(describe)
       14     local parent = busted.context.parent(describe)
       14     if busted.safe_publish('describe', { 'describe', 'start' }, describe, parent) then
       14       block.execute('describe', describe)
              end
       14     busted.safe_publish('describe', { 'describe', 'end' }, describe, parent)
            end

            local it = function(element)
       34     local parent = busted.context.parent(element)
              local finally

       34     if not block.lazySetup(parent) then
                -- skip test if any setup failed
********0       return
              end

       34     if not element.env then element.env = {} end

       34     block.rejectAll(element)
       34     element.env.finally = function(fn) finally = fn end
       34     element.env.pending = busted.pending

       34     local pass, ancestor = block.execAll('before_each', parent, true)

       34     if pass then
       34       local status = busted.status('success')
       34       if busted.safe_publish('test', { 'test', 'start' }, element, parent) then
       34         status:update(busted.safe('it', element.run, element))
       34         if finally then
********0           block.reject('pending', element)
********0           status:update(busted.safe('finally', finally, element))
                  end
                else
********0         status = busted.status('error')
                end
       34       busted.safe_publish('test', { 'test', 'end' }, element, parent, tostring(status))
              end

       34     block.dexecAll('after_each', ancestor, true)
            end

            local pending = function(element)
********0     local parent = busted.context.parent(element)
********0     local status = 'pending'
********0     if not busted.safe_publish('it', { 'test', 'start' }, element, parent) then
********0       status = 'error'
              end
********0     busted.safe_publish('it', { 'test', 'end' }, element, parent, status)
            end

********0   busted.register('file', file, { envmode = 'insulate' })

********0   busted.register('describe', describe)
********0   busted.register('insulate', 'describe', { envmode = 'insulate' })
********0   busted.register('expose', 'describe', { envmode = 'expose' })

********0   busted.register('it', it)

********0   busted.register('pending', pending, { default_fn = function() end })

********0   busted.register('before_each', { envmode = 'unwrap' })
********0   busted.register('after_each', { envmode = 'unwrap' })

********0   busted.register('lazy_setup', { envmode = 'unwrap' })
********0   busted.register('lazy_teardown', { envmode = 'unwrap' })
********0   busted.register('strict_setup', { envmode = 'unwrap' })
********0   busted.register('strict_teardown', { envmode = 'unwrap' })

********0   busted.register('setup', 'strict_setup')
********0   busted.register('teardown', 'strict_teardown')

********0   busted.register('context', 'describe')
********0   busted.register('spec', 'it')
********0   busted.register('test', 'it')

********0   busted.hide('file')

********0   local assert = require 'luassert'
********0   local spy = require 'luassert.spy'
********0   local mock = require 'luassert.mock'
********0   local stub = require 'luassert.stub'
********0   local match = require 'luassert.match'

            require 'busted.fixtures'  -- just load into the environment, not exposing it

********0   busted.export('assert', assert)
********0   busted.export('spy', spy)
********0   busted.export('mock', mock)
********0   busted.export('stub', stub)
********0   busted.export('match', match)

********0   busted.exportApi('publish', busted.publish)
********0   busted.exportApi('subscribe', busted.subscribe)
********0   busted.exportApi('unsubscribe', busted.unsubscribe)

********0   busted.exportApi('bindfenv', busted.bindfenv)
********0   busted.exportApi('fail', busted.fail)
********0   busted.exportApi('gettime', busted.gettime)
********0   busted.exportApi('monotime', busted.monotime)
********0   busted.exportApi('sleep', busted.sleep)
********0   busted.exportApi('parent', busted.context.parent)
********0   busted.exportApi('children', busted.context.children)
********0   busted.exportApi('version', busted.version)

********0   busted.bindfenv(assert, 'error', busted.fail)
********0   busted.bindfenv(assert.is_true, 'error', busted.fail)

********0   return busted
          end

********0 return setmetatable({}, {
            __call = function(self, busted)
********0     init(busted)

********0     return setmetatable(self, {
                __index = function(self, key)
      139         return busted.api[key]
                end,

                __newindex = function(self, key, value)
********0         error('Attempt to modify busted')
                end
              })
            end
          })

==============================================================================
/home/tiago/work/lua/lua-gdpr-iab-tcfv2/.rocks/share/lua/5.1/busted/languages/en.lua
==============================================================================
        3 local s = require('say')

        3 s:set_namespace('en')

          -- 'Pending: test.lua @ 12 \n description
        3 s:set('output.pending', 'Pending')
        3 s:set('output.failure', 'Failure')
        3 s:set('output.error', 'Error')
        3 s:set('output.success', 'Success')

        3 s:set('output.pending_plural', 'pending')
        3 s:set('output.failure_plural', 'failures')
        3 s:set('output.error_plural', 'errors')
        3 s:set('output.success_plural', 'successes')

        3 s:set('output.pending_zero', 'pending')
        3 s:set('output.failure_zero', 'failures')
        3 s:set('output.error_zero', 'errors')
        3 s:set('output.success_zero', 'successes')

        3 s:set('output.pending_single', 'pending')
        3 s:set('output.failure_single', 'failure')
        3 s:set('output.error_single', 'error')
        3 s:set('output.success_single', 'success')

        3 s:set('output.seconds', 'seconds')

        3 s:set('output.no_test_files_match', 'No test files found matching Lua pattern: %s')
        3 s:set('output.file_not_found', 'Cannot find file or directory: %s')

          -- definitions following are not used within the 'say' namespace
        3 return {
        3   failure_messages = {
        3     'You have %d busted specs',
        3     'Your specs are busted',
        3     'Your code is bad and you should feel bad',
        3     'Your code is in the Danger Zone',
        3     'Strange game. The only way to win is not to test',
        3     'My grandmother wrote better specs on a 3 86',
        3     'Every time there\'s a failure, drink another beer',
              'Feels bad man'
        3   },
        3   success_messages = {
        3     'Aww yeah, passing specs',
        3     'Doesn\'t matter, had specs',
        3     'Feels good, man',
        3     'Great success',
              'Tests pass, drink another beer',
        3   }
        3 }

==============================================================================
/home/tiago/work/lua/lua-gdpr-iab-tcfv2/.rocks/share/lua/5.1/busted/luajit.lua
==============================================================================
        3 local isJit = (tostring(assert):match('builtin') ~= nil)

        3 if not isJit then
        6   return function() end
          end

          -- pre-load the ffi module, such that it becomes part of the environment
          -- and Busted will not try to GC and reload it. The ffi is not suited
          -- for that and will occasionally segfault if done so.
********0 local ffi = require "ffi"


          -- patching assumes;
          --  * first parameter to be a unique key to identify repeated calls
          --  * only a single return value

          local function patch_with_return_value(func_name)
********0   local original = ffi[func_name]
********0   local original_store = {}

            ffi[func_name] = function (primary, ...)
********0     if original_store[primary] then
********0       return original_store[primary]
              end
********0     local success, result, err = pcall(original, primary, ...)
********0     if not success then
                -- hard error was thrown
********0       error(result, 2)
              end
********0     if not result then
                -- soft error was returned
********0       return result, err
              end
              -- it worked, store and return
********0     original_store[primary] = result
********0     return result
            end
          end

          local function patch_without_return_value(func_name)
********0   local original = ffi[func_name]
********0   local original_store = {}

            ffi[func_name] = function (primary, ...)
********0     if original_store[primary] then
********0       return
              end
********0     local success, result = pcall(original, primary, ...)
********0     if not success then
                -- hard error was thrown
********0       error(result, 2)
              end
              -- store and return
********0     original_store[primary] = true
********0     return result
            end
          end

          return function()
********0     patch_without_return_value("cdef")
********0     patch_with_return_value("typeof")
********0     patch_with_return_value("metatype")
********0     patch_with_return_value("load")
            end

==============================================================================
/home/tiago/work/lua/lua-gdpr-iab-tcfv2/.rocks/share/lua/5.1/busted/modules/files/lua.lua
==============================================================================
        3 local path = require 'pl.path'

        3 local ret = {}

          local getTrace = function(filename, info)
       49   local index = info.traceback:find('\n%s*%[C]')
       49   info.traceback = info.traceback:sub(1, index)
       49   return info
          end

          ret.match = function(busted, filename)
        9   return path.extension(filename) == '.lua'
          end

          ret.load = function(busted, filename)
        9   local file, err = loadfile(filename)
        9   if not file then
********0     busted.publish({ 'error', 'file' }, { descriptor = 'file', name = filename }, nil, err, {})
            end
        9   return file, getTrace
          end

        3 return ret

==============================================================================
/home/tiago/work/lua/lua-gdpr-iab-tcfv2/.rocks/share/lua/5.1/busted/modules/files/moonscript.lua
==============================================================================
        3 local path = require 'pl.path'

        6 local ok, moonscript, line_tables, util = pcall(function()
        3   return require 'moonscript', require 'moonscript.line_tables', require 'moonscript.util'
          end)

        3 local _cache = {}

          -- find the line number of `pos` chars into fname
          local lookup_line = function(fname, pos)
********0   if not _cache[fname] then
********0     local f = io.open(fname)
********0     _cache[fname] = f:read('*a')
********0     f:close()
            end

********0   return util.pos_to_line(_cache[fname], pos)
          end

          local rewrite_linenumber = function(fname, lineno)
********0   local tbl = line_tables['@' .. fname]
********0   if fname and tbl then
********0     for i = lineno, 0 ,-1 do
********0       if tbl[i] then
********0         return lookup_line(fname, tbl[i])
                end
              end
            end

********0   return lineno
          end

          local rewrite_filename = function(filename)
            -- sometimes moonscript gives files like [string "./filename.moon"], so
            -- we'll chop it up to only get the filename.
********0   return filename:match('string "(.+)"') or filename
          end

          local rewrite_traceback = function(fname, trace)
            local rewrite_one = function(line, pattern, sub)
********0     if line == nil then return '' end

********0     local fname, lineno = line:match(pattern)

********0     if fname and lineno then
********0       fname = rewrite_filename(fname)
********0       local new_lineno = rewrite_linenumber(fname, tonumber(lineno))
********0       if new_lineno then
********0         line = line:gsub(sub:format(tonumber(lineno)), sub:format(tonumber(new_lineno)))
                end
              end

********0     return line
            end

********0   local lines = {}
********0   local j = 0

********0   for line in trace:gmatch('[^\r\n]+') do
********0     j = j + 1
********0     local newline = rewrite_one(line, '%s*(.-):(%d+): ', ':%d:')
********0     newline = rewrite_one(newline, '<(.*):(%d+)>', ':%d>')
********0     lines[j] = newline
            end

********0   return '\n' .. table.concat(lines, trace:match('[\r\n]+')) .. '\n'
          end

        3 local ret = {}

          local getTrace = function(filename, info)
********0   local index = info.traceback:find('\n%s*%[C]')
********0   info.traceback = info.traceback:sub(1, index)

********0   info.short_src = rewrite_filename(info.short_src)
********0   info.traceback = rewrite_traceback(filename, info.traceback)
********0   info.linedefined = rewrite_linenumber(filename, info.linedefined)
********0   info.currentline = rewrite_linenumber(filename, info.currentline)

********0   return info
          end

          local rewriteMessage = function(filename, message)
********0   local fname, line, msg = message:match('^([^\n]-):(%d+): (.*)')
********0   if not fname then
********0     return message
            end

********0   fname = rewrite_filename(fname)
********0   line = rewrite_linenumber(fname, tonumber(line))

********0   return fname .. ':' .. tostring(line) .. ': ' .. msg
          end

          ret.match = function(busted, filename)
********0   return ok and path.extension(filename) == '.moon'
          end

          ret.load = function(busted, filename)
********0   local file, err = moonscript.loadfile(filename)
********0   if not file then
********0     busted.publish({ 'error', 'file' }, { descriptor = 'file', name = filename }, nil, err, {})
            end
********0   return file, getTrace, rewriteMessage
          end

        3 return ret

==============================================================================
/home/tiago/work/lua/lua-gdpr-iab-tcfv2/.rocks/share/lua/5.1/busted/modules/filter_loader.lua
==============================================================================
          return function()
            local function filter(busted, options)
              local getFullName = function(name)
       34       local parent = busted.context.get()
       34       local names = { name }

       86       while parent and (parent.name or parent.descriptor) and
       86             parent.descriptor ~= 'file' do
       52         table.insert(names, 1, parent.name or parent.descriptor)
       52         parent = busted.context.parent(parent)
                end

       34       return table.concat(names, ' ')
              end

              local hasTag = function(name, tag)
********0       local found = name:find('#' .. tag)
********0       return (found ~= nil)
              end

              local filterExcludeTags = function(name)
       48       for i, tag in pairs(options.excludeTags) do
********0         if hasTag(name, tag) then
********0           return nil, false
                  end
                end
       48       return nil, true
              end

              local filterTags = function(name)
       34       local fullname = getFullName(name)
       34       for i, tag in pairs(options.tags) do
********0         if hasTag(fullname, tag) then
********0           return nil, true
                  end
                end
       34       return nil, (#options.tags == 0)
              end

              local filterOutNames = function(name)
       48       for _, filter in pairs(options.filterOut) do
********0         if getFullName(name):find(filter) ~= nil then
********0           return nil, false
                  end
                end
       48       return nil, true
              end

        3     local excludeNames = {}
        3     if options.excludeNamesFile then
********0       for name in io.lines(options.excludeNamesFile) do
********0         table.insert(excludeNames, name)
                end
              end

              local excludeNamesFile = function(name)
********0       for _, filter in ipairs(excludeNames) do
********0         if getFullName(name) == filter then
********0           return nil, false
                  end
                end
********0       return nil, true
              end

              local name = function(name)
       48       for _, candidate in pairs(options.name) do
********0         if string.find(candidate, getFullName(name), 1, true) then
********0           return nil, true
                  end
                end
       48       return nil, (#options.name == 0)
              end

              local filterNames = function(name)
       34       for _, filter in pairs(options.filter) do
********0         if getFullName(name):find(filter) ~= nil then
********0           return nil, true
                  end
                end
       34       return nil, (#options.filter == 0)
              end

              local printTestName = function(element, parent, status)
********0       if not (options.suppressPending and status == 'pending') then
********0         local fullname = getFullName()
********0         local trace = element.trace
********0         if trace and trace.what == 'Lua' then
********0           fullname = trace.short_src .. ':' .. trace.currentline .. ': ' .. fullname
                  end
********0         print(fullname)
                end
********0       return nil, false
              end

              local ignoreAll = function()
********0       return nil, false
              end

        3     local noop = function() end
              local stubOut = function(descriptor, name, fn, ...)
********0       if fn == noop then
********0         return nil, true
                end
********0       busted.publish({ 'register', descriptor }, name, noop, ...)
********0       return nil, false
              end

              local skipOnError = function()
********0       return nil, not busted.skipAll
              end

              local applyFilter = function(descriptors, name, fn)
       30       if options[name] and options[name] ~= '' then
       54         for _, descriptor in ipairs(descriptors) do
       39           busted.subscribe({ 'register', descriptor }, fn, { priority = 1 })
                  end
                end
              end

              local applyDescFilter = function(descriptors, name, fn)
********0       if options[name] and options[name] ~= '' then
********0         for _, descriptor in ipairs(descriptors) do
********0           local f = function(...) return fn(descriptor, ...) end
********0           busted.subscribe({ 'register', descriptor }, f, { priority = 1 })
                  end
                end
              end

        3     if options.list then
********0       busted.subscribe({ 'suite', 'start' }, ignoreAll, { priority = 1 })
********0       busted.subscribe({ 'suite', 'end' }, ignoreAll, { priority = 1 })
********0       busted.subscribe({ 'file', 'start' }, ignoreAll, { priority = 1 })
********0       busted.subscribe({ 'file', 'end' }, ignoreAll, { priority = 1 })
********0       busted.subscribe({ 'describe', 'start' }, ignoreAll, { priority = 1 })
********0       busted.subscribe({ 'describe', 'end' }, ignoreAll, { priority = 1 })
********0       busted.subscribe({ 'test', 'start' }, ignoreAll, { priority = 1 })
********0       busted.subscribe({ 'test', 'end' }, printTestName, { priority = 1 })
********0       applyDescFilter({ 'setup', 'teardown', 'before_each', 'after_each' }, 'list', stubOut)
********0       applyDescFilter({ 'lazy_setup', 'lazy_teardown' }, 'list', stubOut)
********0       applyDescFilter({ 'strict_setup', 'strict_teardown' }, 'list', stubOut)
********0       applyDescFilter({ 'it', 'pending' }, 'list', stubOut)
              end

        3     applyFilter({ 'lazy_setup', 'lazy_teardown' }, 'nokeepgoing', skipOnError)
        3     applyFilter({ 'strict_setup', 'strict_teardown' }, 'nokeepgoing', skipOnError)
        3     applyFilter({ 'setup', 'teardown', 'before_each', 'after_each' }, 'nokeepgoing', skipOnError)
        3     applyFilter({ 'file', 'describe', 'it', 'pending' }, 'nokeepgoing', skipOnError)

              -- The following filters are applied in reverse order
        3     applyFilter({ 'it', 'pending' }            , 'filter'          , filterNames           )
        3     applyFilter({ 'describe', 'it', 'pending' }, 'name'            , name                  )
        3     applyFilter({ 'describe', 'it', 'pending' }, 'filterOut'       , filterOutNames        )
        3     applyFilter({ 'describe', 'it', 'pending' }, 'excludeNamesFile', excludeNamesFile      )
        3     applyFilter({ 'it', 'pending' }            , 'tags'            , filterTags            )
        3     applyFilter({ 'describe', 'it', 'pending' }, 'excludeTags'     , filterExcludeTags     )
            end

********0   return filter
          end

==============================================================================
/home/tiago/work/lua/lua-gdpr-iab-tcfv2/.rocks/share/lua/5.1/busted/modules/output_handler_loader.lua
==============================================================================
********0 local path = require 'pl.path'
********0 local hasMoon, moonscript = pcall(require, 'moonscript')
********0 local utils = require 'busted.utils'

          return function()
            local loadOutputHandler = function(busted, output, options)
              local handler

        3     utils.copy_interpreter_args(options.arguments)
        6     local success, err = pcall(function()
        3       if output:match('%.lua$') then
********0         handler = dofile(path.normpath(output))
        3       elseif hasMoon and output:match('%.moon$') then
********0         handler = moonscript.dofile(path.normpath(output))
                else
        3         handler = require('busted.outputHandlers.' .. output)
                end
              end)

        3     if not success and err:match("module '.-' not found:") then
********0       success, err = pcall(function() handler = require(output) end)
              end

        3     if not success then
********0       busted.publish({ 'error', 'output' }, { descriptor = 'output', name = output }, nil, err, {})
********0       handler = require('busted.outputHandlers.' .. options.defaultOutput)
              end

        3     if options.enableSound then
********0       require 'busted.outputHandlers.sound'(options)
              end

        3     handler(options):subscribe(options)
            end

********0   return loadOutputHandler
          end

==============================================================================
/home/tiago/work/lua/lua-gdpr-iab-tcfv2/.rocks/share/lua/5.1/busted/modules/test_file_loader.lua
==============================================================================
        3 local s = require 'say'

          return function(busted, loaders)
        3   local path = require 'pl.path'
        3   local dir = require 'pl.dir'
        3   local tablex = require 'pl.tablex'
        3   local fileLoaders = {}

        9   for _, v in pairs(loaders) do
        6     local loader = require('busted.modules.files.'..v)
        6     fileLoaders[#fileLoaders+1] = loader
            end

            local getTestFiles = function(rootFile, patterns, options)
              local fileList

        3     if path.isfile(rootFile) then
********0       fileList = { rootFile }
        3     elseif path.isdir(rootFile) then
        3       local getfiles = options.recursive and dir.getallfiles or dir.getfiles
        3       fileList = getfiles(rootFile)

        6       fileList = tablex.filter(fileList, function(filename)
       23         local basename = path.basename(filename)
       23         for _, patt in ipairs(options.excludes) do
********0           if patt ~= '' and basename:find(patt) then
********0             return nil
                    end
                  end
       37         for _, patt in ipairs(patterns) do
       23           if basename:find(patt) then
        9             return true
                    end
                  end
       14         return #patterns == 0
                end)

        6       fileList = tablex.filter(fileList, function(filename)
        9         if path.is_windows then
********0           return not filename:find('%\\%.%w+.%w+', #rootFile)
                  else
        9           return not filename:find('/%.%w+.%w+', #rootFile)
                  end
                end)
              else
********0       busted.publish({ 'error' }, {}, nil, s('output.file_not_found'):format(rootFile), {})
********0       fileList = {}
              end

        3     table.sort(fileList)
        3     return fileList
            end

            local getAllTestFiles = function(rootFiles, patterns, options)
        3     local fileList = {}
        6     for _, root in ipairs(rootFiles) do
        3       tablex.insertvalues(fileList, getTestFiles(root, patterns, options))
              end
        3     return fileList
            end

            -- runs a testfile, loading its tests
            local loadTestFile = function(busted, filename)
        9     for _, v in pairs(fileLoaders) do
        9       if v.match(busted, filename) then
        9         return v.load(busted, filename)
                end
              end
            end

            local loadTestFiles = function(rootFiles, patterns, options)
        3     local fileList = getAllTestFiles(rootFiles, patterns, options)

       12     for i, fileName in ipairs(fileList) do
        9       local testFile, getTrace, rewriteMessage = loadTestFile(busted, fileName)

        9       if testFile then
       18         local file = setmetatable({
        9           getTrace = getTrace,
        9           rewriteMessage = rewriteMessage
        9         }, {
        9           __call = testFile
                  })

        9         busted.executors.file(fileName, file)
                end
              end

        3     if #fileList == 0 then
********0       local pattern = patterns[1]
********0       if #patterns > 1 then
********0         pattern = '\n\t' .. table.concat(patterns, '\n\t')
                end
********0       busted.publish({ 'error' }, {}, nil, s('output.no_test_files_match'):format(pattern), {})
              end

        3     return fileList
            end

        3   return loadTestFiles, loadTestFile, getAllTestFiles
          end


==============================================================================
/home/tiago/work/lua/lua-gdpr-iab-tcfv2/.rocks/share/lua/5.1/busted/outputHandlers/base.lua
==============================================================================
        3 local table_concat = table.concat
        3 local table_insert = table.insert

          return function()
        3   local busted = require 'busted'
        3   local handler = {
        3     successes = {},
        3     successesCount = 0,
        3     pendings = {},
        3     pendingsCount = 0,
        3     failures = {},
        3     failuresCount = 0,
        3     errors = {},
        3     errorsCount = 0,
        3     inProgress = {}
            }

            handler.cancelOnPending = function(element, parent, status)
      102     return not ((element.descriptor == 'pending' or status == 'pending') and handler.options.suppressPending)
            end

            handler.subscribe = function(handler, options)
        3     require('busted.languages.en')
        3     handler.options = options

        3     if options.language ~= 'en' then
********0       require('busted.languages.' .. options.language)
              end

        3     busted.subscribe({ 'suite', 'reset' }, handler.baseSuiteReset, { priority = 1 })
        3     busted.subscribe({ 'suite', 'start' }, handler.baseSuiteStart, { priority = 1 })
        3     busted.subscribe({ 'suite', 'end' }, handler.baseSuiteEnd, { priority = 1 })
        3     busted.subscribe({ 'test', 'start' }, handler.baseTestStart, { priority = 1, predicate = handler.cancelOnPending })
        3     busted.subscribe({ 'test', 'end' }, handler.baseTestEnd, { priority = 1, predicate = handler.cancelOnPending })
        3     busted.subscribe({ 'pending' }, handler.basePending, { priority = 1, predicate = handler.cancelOnPending })
        3     busted.subscribe({ 'failure', 'it' }, handler.baseTestFailure, { priority = 1 })
        3     busted.subscribe({ 'error', 'it' }, handler.baseTestError, { priority = 1 })
        3     busted.subscribe({ 'failure' }, handler.baseError, { priority = 1 })
        3     busted.subscribe({ 'error' }, handler.baseError, { priority = 1 })
            end

            handler.getFullName = function(context)
       35     local parent = busted.parent(context)
       35     local names = { (context.name or context.descriptor) }

       88     while parent and (parent.name or parent.descriptor) and
       87           parent.descriptor ~= 'file' do

       53       table_insert(names, 1, parent.name or parent.descriptor)
       53       parent = busted.parent(parent)
              end

       35     return table_concat(names, ' ')
            end

            handler.format = function(element, parent, message, debug, isError)
              local function copyElement(e)
       35       local copy = {}
      416       for k,v in next, e do
      381         if type(v) ~= 'function' and k ~= 'env' then
      312           copy[k] = v
                  end
                end
       35       return copy
              end

       35     local formatted = {
       35       trace = debug or element.trace,
       35       element = copyElement(element),
       35       name = handler.getFullName(element),
       35       message = message,
       35       randomseed = parent and parent.randomseed,
       35       isError = isError
              }
       35     formatted.element.trace = element.trace or debug

       35     return formatted
            end

            handler.getDuration = function()
        3     if not handler.endTick or not handler.startTick then
********0       return 0
              end

        3     return handler.endTick - handler.startTick
            end

            handler.baseSuiteStart = function(suite)
        3     handler.startTick = suite.starttick
        3     handler.startTime = suite.starttime
        3     return nil, true
            end

            handler.baseSuiteReset = function()
********0     handler.successes = {}
********0     handler.successesCount = 0
********0     handler.pendings = {}
********0     handler.pendingsCount = 0
********0     handler.failures = {}
********0     handler.failuresCount = 0
********0     handler.errors = {}
********0     handler.errorsCount = 0
********0     handler.inProgress = {}

********0     return nil, true
            end

            handler.baseSuiteEnd = function(suite)
        3     handler.endTick = suite.endtick
        3     handler.endTime = suite.endtime
        3     return nil, true
            end

            handler.baseTestStart = function(element, parent)
       34     handler.inProgress[tostring(element)] = {}
       34     return nil, true
            end

            handler.baseTestEnd = function(element, parent, status, debug)
              local insertTable

       34     if status == 'success' then
       34       insertTable = handler.successes
       34       handler.successesCount = handler.successesCount + 1
********0     elseif status == 'pending' then
********0       insertTable = handler.pendings
********0       handler.pendingsCount = handler.pendingsCount + 1
********0     elseif status == 'failure' then
                -- failure already saved in failure handler
********0       handler.failuresCount = handler.failuresCount + 1
********0       return nil, true
********0     elseif status == 'error' then
                -- error count already incremented and saved in error handler
********0       return nil, true
              end

       34     local formatted = handler.format(element, parent, element.message, debug)

       34     local id = tostring(element)
       34     if handler.inProgress[id] then
       34       for k, v in pairs(handler.inProgress[id]) do
********0         formatted[k] = v
                end

       34       handler.inProgress[id] = nil
              end

       34     table_insert(insertTable, formatted)

       34     return nil, true
            end

            handler.basePending = function(element, parent, message, debug)
********0     local id = tostring(element)
********0     handler.inProgress[id].message = message
********0     handler.inProgress[id].trace = debug
********0     return nil, true
            end

            handler.baseTestFailure = function(element, parent, message, debug)
********0     table_insert(handler.failures, handler.format(element, parent, message, debug))
********0     return nil, true
            end

            handler.baseTestError = function(element, parent, message, debug)
********0     handler.errorsCount = handler.errorsCount + 1
********0     table_insert(handler.errors, handler.format(element, parent, message, debug, true))
********0     return nil, true
            end

            handler.baseError = function(element, parent, message, debug)
        1     if element.descriptor ~= 'it' then
        1       handler.errorsCount = handler.errorsCount + 1
        1       table_insert(handler.errors, handler.format(element, parent, message, debug, true))
              end

        1     return nil, true
            end

        3   return handler
          end

==============================================================================
/home/tiago/work/lua/lua-gdpr-iab-tcfv2/.rocks/share/lua/5.1/busted/outputHandlers/utfTerminal.lua
==============================================================================
        3 local s = require 'say'
        3 local pretty = require 'pl.pretty'
        3 local term = require 'term'
        3 local luassert = require 'luassert'
        3 local io = io
        3 local type = type
        3 local string_format = string.format
        3 local string_gsub = string.gsub
        3 local io_write = io.write
        3 local io_flush = io.flush
        3 local pairs = pairs
          local colors

        3 local isatty = io.type(io.stdout) == 'file' and term.isatty(io.stdout)

          return function(options)
        3   local busted = require 'busted'
        3   local handler = require 'busted.outputHandlers.base'()
        3   local cli = require 'cliargs'
        3   local args = options.arguments

        3   cli:set_name('utfTerminal output handler')
        3   cli:flag('--color', 'force use of color')
        3   cli:flag('--plain', 'force use of no color')

        3   local cliArgs, err = cli:parse(args)
        3   if not cliArgs and err then
********0     io.stderr:write(string.format('%s: %s\n\n', cli.name, err))
********0     io.stderr:write(cli.printer.generate_help_and_usage().. '\n')
********0     os.exit(1)
            end

        3   if cliArgs.plain then
********0     colors = setmetatable({}, {__index = function() return function(s) return s end end})
********0     luassert:set_parameter("TableErrorHighlightColor", "none")

        3   elseif cliArgs.color then
********0     colors = require 'term.colors'
********0     luassert:set_parameter("TableErrorHighlightColor", "red")

            else
        3     if package.config:sub(1,1) == '\\' and not os.getenv("ANSICON") or not isatty then
                -- Disable colors on Windows.
********0       colors = setmetatable({}, {__index = function() return function(s) return s end end})
********0       luassert:set_parameter("TableErrorHighlightColor", "none")
              else
        3       colors = require 'term.colors'
        3       luassert:set_parameter("TableErrorHighlightColor", "red")
              end
            end

        3   local successDot = colors.green('\226\151\143') -- '\226\151\143' = '●' = utf8.char(9679)
        3   local failureDot = colors.red('\226\151\188') -- '\226\151\188' = '◼' = utf8.char(9724)
        3   local errorDot   = colors.magenta('\226\156\177') -- '\226\156\177' = '✱' = utf8.char(10033)
        3   local pendingDot = colors.yellow('\226\151\140') -- '\226\151\140' = '◌' = utf8.char(9676)

            local pendingDescription = function(pending)
********0     local name = pending.name

              -- '\226\134\146' = '→' = utf8.char('8594')
********0     local string = colors.yellow(s('output.pending')) .. ' \226\134\146 ' ..
********0       colors.cyan(pending.trace.short_src) .. ' @ ' ..
********0       colors.cyan(pending.trace.currentline)  ..
********0       '\n' .. colors.bright(name)

********0     if type(pending.message) == 'string' then
********0       string = string .. '\n' .. pending.message
********0     elseif pending.message ~= nil then
********0       string = string .. '\n' .. pretty.write(pending.message)
              end

********0     return string
            end

            local failureMessage = function(failure)
        1     local string = failure.randomseed and ('Random seed: ' .. failure.randomseed .. '\n') or ''
        1     if type(failure.message) == 'string' then
        1       string = string .. failure.message
********0     elseif failure.message == nil then
********0       string = string .. 'Nil error'
              else
********0       string = string .. pretty.write(failure.message)
              end

        1     return string
            end

            local failureDescription = function(failure, isError)
              -- '\226\134\146' = '→' = utf8.char(8594)
        1     local string = colors.red(s('output.failure')) .. ' \226\134\146 '
        1     if isError then
        1       string = colors.magenta(s('output.error')) .. ' \226\134\146 '
              end

        1     if not failure.element.trace or not failure.element.trace.short_src then
********0       string = string ..
********0         colors.cyan(failureMessage(failure)) .. '\n' ..
********0         colors.bright(failure.name)
              else
        1       string = string ..
        1         colors.cyan(failure.element.trace.short_src) .. ' @ ' ..
        1         colors.cyan(failure.element.trace.currentline) .. '\n' ..
        1         colors.bright(failure.name) .. '\n' ..
        1         failureMessage(failure)
              end

        1     if options.verbose and failure.trace and failure.trace.traceback then
********0       string = string .. '\n' .. failure.trace.traceback
              end

        1     return string
            end

            local statusString = function()
        3     local successString = s('output.success_plural')
        3     local failureString = s('output.failure_plural')
        3     local pendingString = s('output.pending_plural')
        3     local errorString = s('output.error_plural')

        3     local sec = handler.getDuration()
        3     local successes = handler.successesCount
        3     local pendings = handler.pendingsCount
        3     local failures = handler.failuresCount
        3     local errors = handler.errorsCount

        3     if successes == 0 then
********0       successString = s('output.success_zero')
        3     elseif successes == 1 then
        1       successString = s('output.success_single')
              end

        3     if failures == 0 then
        3       failureString = s('output.failure_zero')
********0     elseif failures == 1 then
********0       failureString = s('output.failure_single')
              end

        3     if pendings == 0 then
        3       pendingString = s('output.pending_zero')
********0     elseif pendings == 1 then
********0       pendingString = s('output.pending_single')
              end

        3     if errors == 0 then
        2       errorString = s('output.error_zero')
        1     elseif errors == 1 then
        1       errorString = s('output.error_single')
              end

        3     local formattedTime = string_gsub(string_format('%.6f', sec), '([0-9])0+$', '%1')

        3     return colors.green(successes) .. ' ' .. successString .. ' / ' ..
        3       colors.red(failures) .. ' ' .. failureString .. ' / ' ..
        3       colors.magenta(errors) .. ' ' .. errorString .. ' / ' ..
        3       colors.yellow(pendings) .. ' ' .. pendingString .. ' : ' ..
        3       colors.bright(formattedTime) .. ' ' .. s('output.seconds')
            end

            handler.testEnd = function(element, parent, status, debug)
       34     if not options.deferPrint then
       34       local string = successDot

       34       if status == 'pending' then
********0         string = pendingDot
       34       elseif status == 'failure' then
********0         string = failureDot
       34       elseif status == 'error' then
********0         string = errorDot
                end

       34       io_write(string)
       34       io_flush()
              end

       34     return nil, true
            end

            handler.suiteStart = function(suite, count, total)
        3     local runString = (total > 1 and '\nRepeating all tests (run %u of %u) . . .\n\n' or '')
        3     io_write(string_format(runString, count, total))
        3     io_flush()

        3     return nil, true
            end

            handler.suiteEnd = function()
        3     io_write('\n')
        3     io_write(statusString()..'\n')

        3     for i, pending in pairs(handler.pendings) do
********0       io_write('\n')
********0       io_write(pendingDescription(pending)..'\n')
              end

        3     for i, err in pairs(handler.failures) do
********0       io_write('\n')
********0       io_write(failureDescription(err)..'\n')
              end

        4     for i, err in pairs(handler.errors) do
        1       io_write('\n')
        1       io_write(failureDescription(err, true)..'\n')
              end

        3     return nil, true
            end

            handler.error = function(element, parent, message, debug)
        1     io_write(errorDot)
        1     io_flush()

        1     return nil, true
            end

        3   busted.subscribe({ 'test', 'end' }, handler.testEnd, { predicate = handler.cancelOnPending })
        3   busted.subscribe({ 'suite', 'start' }, handler.suiteStart)
        3   busted.subscribe({ 'suite', 'end' }, handler.suiteEnd)
        3   busted.subscribe({ 'error', 'file' }, handler.error)
        3   busted.subscribe({ 'failure', 'file' }, handler.error)
        3   busted.subscribe({ 'error', 'describe' }, handler.error)
        3   busted.subscribe({ 'failure', 'describe' }, handler.error)

        3   return handler
          end

==============================================================================
/home/tiago/work/lua/lua-gdpr-iab-tcfv2/.rocks/share/lua/5.1/busted/runner.lua
==============================================================================
          -- Busted command-line runner

********0 local utils = require 'busted.utils'
********0 local exit = require 'busted.compatibility'.exit
********0 local loadstring = require 'busted.compatibility'.loadstring
********0 local loaded = false

          return function(options)
********0   if loaded then return function() end else loaded = true end

********0   local path = require 'pl.path'
********0   local tablex = require 'pl.tablex'
********0   local term = require 'term'

********0   local isatty = io.type(io.stdout) == 'file' and term.isatty(io.stdout)
********0   options = tablex.update(require 'busted.options', options or {})
********0   options.output = options.output or (isatty and 'utfTerminal' or 'plainTerminal')

********0   local busted = require 'busted.core'()

********0   local cli = require 'busted.modules.cli'(options)
********0   local filterLoader = require 'busted.modules.filter_loader'()
********0   local helperLoader = require 'busted.modules.helper_loader'()
********0   local outputHandlerLoader = require 'busted.modules.output_handler_loader'()

********0   local luacov = require 'busted.modules.luacov'()

********0   require 'busted'(busted)

********0   local level = 2
********0   local info = debug.getinfo(level, 'Sf')
********0   local source = info.source
********0   local fileName = source:sub(1,1) == '@' and source:sub(2) or nil
********0   local forceExit = fileName == nil

            -- Parse the cli arguments
********0   local appName = path.basename(fileName or 'busted')
********0   cli:set_name(appName)
********0   local cliArgs, err = cli:parse(arg)
********0   if not cliArgs then
********0     io.stderr:write(err .. '\n')
********0     exit(1, forceExit)
            end

********0   if cliArgs.help then
********0     io.stdout:write(cliArgs.helpText .. '\n')
********0     exit(0, forceExit)
            end

********0   if cliArgs.version then
              -- Return early if asked for the version
********0     io.stdout:write(busted.version .. '\n')
********0     exit(0, forceExit)
            end

            -- Load current working directory
********0   local _, err = path.chdir(path.normpath(cliArgs.directory))
********0   if err then
********0     io.stderr:write(appName .. ': error: ' .. err .. '\n')
********0     exit(1, forceExit)
            end

            -- If coverage arg is passed in, load LuaCovsupport
********0   if cliArgs.coverage then
********0     local ok, err = luacov(cliArgs['coverage-config-file'])
        3     if not ok then
********0       io.stderr:write(appName .. ': error: ' .. err .. '\n')
********0       exit(1, forceExit)
              end
            end

            -- If auto-insulate is disabled, re-register file without insulation
        3   if not cliArgs['auto-insulate'] then
********0     busted.register('file', 'file', {})
            end

            -- If lazy is enabled, make lazy setup/teardown the default
        3   if cliArgs.lazy then
********0     busted.register('setup', 'lazy_setup')
********0     busted.register('teardown', 'lazy_teardown')
            end

            -- Add additional package paths based on lpath and cpath cliArgs
        3   if #cliArgs.lpath > 0 then
        3     package.path = (cliArgs.lpath .. ';' .. package.path):gsub(';;',';')
            end

        3   if #cliArgs.cpath > 0 then
        3     package.cpath = (cliArgs.cpath .. ';' .. package.cpath):gsub(';;',';')
            end

            -- Load and execute commands given on the command-line
        3   if cliArgs.e then
        3     for k,v in ipairs(cliArgs.e) do
********0       loadstring(v)()
              end
            end

            -- watch for test errors and failures
        3   local failures = 0
        3   local errors = 0
        3   local quitOnError = not cliArgs['keep-going']

        6   busted.subscribe({ 'error', 'output' }, function(element, parent, message)
********0     io.stderr:write(appName .. ': error: Cannot load output library: ' .. element.name .. '\n' .. message .. '\n')
********0     return nil, true
            end)

        6   busted.subscribe({ 'error', 'helper' }, function(element, parent, message)
********0     io.stderr:write(appName .. ': error: Cannot load helper script: ' .. element.name .. '\n' .. message .. '\n')
********0     return nil, true
            end)

        6   busted.subscribe({ 'error' }, function(element, parent, message)
        1     errors = errors + 1
        1     busted.skipAll = quitOnError
        1     return nil, true
            end)

        6   busted.subscribe({ 'failure' }, function(element, parent, message)
********0     if element.descriptor == 'it' then
********0       failures = failures + 1
              else
********0       errors = errors + 1
              end
********0     busted.skipAll = quitOnError
********0     return nil, true
            end)

            -- Set up randomization options
        3   busted.sort = cliArgs['sort-tests']
        3   busted.randomize = cliArgs['shuffle-tests']
        3   busted.randomseed = tonumber(cliArgs.seed) or utils.urandom() or os.time()

            -- Set up output handler to listen to events
        6   outputHandlerLoader(busted, cliArgs.output, {
        3     defaultOutput = options.output,
        3     enableSound = cliArgs['enable-sound'],
        3     verbose = cliArgs.verbose,
        3     suppressPending = cliArgs['suppress-pending'],
        3     language = cliArgs.lang,
        3     deferPrint = cliArgs['defer-print'],
        3     arguments = cliArgs.Xoutput,
            })

            -- Pre-load the LuaJIT 'ffi' module if applicable
        3   require 'busted.luajit'()

            -- Set up helper script, must succeed to even start tests
        3   if cliArgs.helper and cliArgs.helper ~= '' then
********0     local ok, err = helperLoader(busted, cliArgs.helper, {
                verbose = cliArgs.verbose,
                language = cliArgs.lang,
********0       arguments = cliArgs.Xhelper
              })
********0     if not ok then
********0       io.stderr:write(appName .. ': failed running the specified helper (' ..
********0                       cliArgs.helper .. '), error: ' .. err .. '\n')
********0       exit(1, forceExit)
              end
            end

            local getFullName = function(name)
********0     local parent = busted.context.get()
********0     local names = { name }

********0     while parent and (parent.name or parent.descriptor) and
********0       parent.descriptor ~= 'file' do
********0       table.insert(names, 1, parent.name or parent.descriptor)
********0       parent = busted.context.parent(parent)
              end

********0     return table.concat(names, ' ')
            end

        3   if cliArgs['log-success'] then
********0     local logFile = assert(io.open(cliArgs['log-success'], 'a'))
********0     busted.subscribe({ 'test', 'end' }, function (test, parent, status)
********0       if status == "success" then
********0         logFile:write(getFullName() .. "\n")
                end
              end)
            end

            -- Load tag and test filters
        6   filterLoader(busted, {
        3     tags = cliArgs.tags,
        3     excludeTags = cliArgs['exclude-tags'],
        3     filter = cliArgs.filter,
        3     name = cliArgs.name,
        3     filterOut = cliArgs['filter-out'],
        3     excludeNamesFile = cliArgs['exclude-names-file'],
        3     list = cliArgs.list,
        3     nokeepgoing = not cliArgs['keep-going'],
        3     suppressPending = cliArgs['suppress-pending'],
            })

        3   if cliArgs.ROOT then
              -- Load test directories/files
        3     local rootFiles = cliArgs.ROOT
        3     local patterns = cliArgs.pattern
        3     local testFileLoader = require 'busted.modules.test_file_loader'(busted, cliArgs.loaders)
        6     testFileLoader(rootFiles, patterns, {
        3       excludes = cliArgs['exclude-pattern'],
        3       verbose = cliArgs.verbose,
        3       recursive = cliArgs['recursive'],
        3     })
            else
              -- Running standalone, use standalone loader
********0     local testFileLoader = require 'busted.modules.standalone_loader'(busted)
********0     testFileLoader(info, { verbose = cliArgs.verbose })
            end

        3   local runs = cliArgs['repeat']
        3   local execute = require 'busted.execute'(busted)
        6   execute(runs, {
        3     seed = cliArgs.seed,
        3     shuffle = cliArgs['shuffle-files'],
        3     sort = cliArgs['sort-files'],
            })

        3   busted.publish({ 'exit' })

        3   if options.standalone or failures > 0 or errors > 0 then
        1     exit(failures + errors, forceExit)
            end
          end

==============================================================================
/home/tiago/work/lua/lua-gdpr-iab-tcfv2/.rocks/share/lua/5.1/busted/status.lua
==============================================================================
          local function get_status(status)
      302   local smap = {
      302     ['success'] = 'success',
      302     ['pending'] = 'pending',
      302     ['failure'] = 'failure',
      302     ['error'] = 'error',
      302     ['true'] = 'success',
      302     ['false'] = 'failure',
      302     ['nil'] = 'error',
            }
      302   return smap[tostring(status)] or 'error'
          end

          return function(inital_status)
      268   local objstat = get_status(inital_status)
      268   local obj = {
      411     success = function(self) return (objstat == 'success') end,
      268     pending = function(self) return (objstat == 'pending') end,
      268     failure = function(self) return (objstat == 'failure') end,
      268     error   = function(self) return (objstat == 'error') end,

              get = function(self)
********0       return objstat
              end,

              set = function(self, status)
********0       objstat = get_status(status)
              end,

              update = function(self, status)
                -- prefer current failure/error status over new status
       34       status = get_status(status)
       34       if objstat == 'success' or (objstat == 'pending' and status ~= 'success') then
       34         objstat = status
                end
              end
            }

      536   return setmetatable(obj, {
      268     __index = {},
      336     __tostring = function(self) return objstat end
      268   })
          end

==============================================================================
/home/tiago/work/lua/lua-gdpr-iab-tcfv2/.rocks/share/lua/5.1/busted/utils.lua
==============================================================================
********0 return {
            copy_interpreter_args = function(arguments)
              -- copy non-positive command-line args auto-inserted by Lua interpreter
        3     if arguments and _G.arg then
        3       local i = 0
       15       while _G.arg[i] do
       12         arguments[i] = _G.arg[i]
       12         i = i - 1
                end
              end
            end,

            split = require 'pl.utils'.split,

            shuffle = function(t, seed)
********0     if seed then math.randomseed(seed) end
********0     local n = #t
********0     while n >= 2 do
********0       local k = math.random(n)
********0       t[n], t[k] = t[k], t[n]
********0       n = n - 1
              end
********0     return t
            end,

            urandom = function()
        3     local f = io.open('/dev/urandom', 'rb')
        3     if not f then return nil end
        3     local s = f:read(4) f:close()
        3     local bytes = {s:byte(1, 4)}
        3     local value = 0
       15     for _, v in ipairs(bytes) do
       12       value = value * 256 + v
              end
        3     return value
            end,
          }

==============================================================================
/home/tiago/work/lua/lua-gdpr-iab-tcfv2/.rocks/share/lua/5.1/cliargs.lua
==============================================================================
          -- luacheck: ignore 212

        3 local core = require('cliargs.core')()
        3 local unpack = _G.unpack or table.unpack -- luacheck: compat

        3 local cli = setmetatable({},{ __index = core })

        3 function cli:parse(arguments, no_cleanup)
        3   if not no_cleanup then
        3     cli:cleanup()
            end

        3   local out = { core.parse(self, arguments) }

        3   return unpack(out)
          end

          -- Clean up the entire module (unload the scripts) as it's expected to be
          -- discarded after use.
        3 function cli:cleanup()
      255   for k, v in pairs(package.loaded) do
      252     if (v == cli) or (k:match('cliargs')) then
       42       package.loaded[k] = nil
              end
            end

        3   cli = nil
          end

        3 cli.VERSION = "3.0.2"

        3 return cli

==============================================================================
/home/tiago/work/lua/lua-gdpr-iab-tcfv2/.rocks/share/lua/5.1/cliargs/core.lua
==============================================================================
          -- luacheck: ignore 212

          local _
********0 local disect = require('cliargs.utils.disect')
********0 local lookup = require('cliargs.utils.lookup')
********0 local filter = require('cliargs.utils.filter')
********0 local shallow_copy = require('cliargs.utils.shallow_copy')
********0 local create_printer = require('cliargs.printer')
********0 local config_loader = require('cliargs.config_loader')
********0 local parser = require('cliargs.parser')
********0 local K = require 'cliargs.constants'

          local function is_callable(fn)
********0   return type(fn) == "function" or (getmetatable(fn) or {}).__call
          end

          local function cast_to_boolean(v)
        6   if v == nil then
        6     return v
            else
********0     return v and true or false
            end
          end

          -- -------- --
          -- CLI Main --
          -- -------- --
          local function create_core()
            --- @module
            ---
            --- The primary export you receive when you require the library. For example:
            ---
            ---     local cli = require 'cliargs'
        3   local cli = {}
        3   local colsz = { 0, 0 } -- column width, help text. Set to 0 for auto detect
        3   local options = {}

        3   cli.name = ""
        3   cli.description = ""

        6   cli.printer = create_printer(function()
********0     return {
                name = cli.name,
                description = cli.description,
                options = options,
********0       colsz = colsz
              }
            end)

            -- Used internally to add an option
            local function define_option(k, ek, v, label, desc, default, callback)
        6     local flag = (v == nil) -- no value, so it's a flag
        6     local negatable = flag and (ek and ek:find('^%[no%-]') ~= nil)

        6     if negatable then
********0       ek = ek:sub(6)
              end

              -- guard against duplicates
        6     if lookup(k, ek, options) then
********0       error("Duplicate option: " .. (k or ek) .. ", please rename one of them.")
              end

        6     if negatable and lookup(nil, "no-"..ek, options) then
********0       error("Duplicate option: " .. ("no-"..ek) .. ", please rename one of them.")
              end

              -- below description of full entry record, nils included for reference
        6     local entry = {
        6       type = K.TYPE_OPTION,
        6       key = k,
        6       expanded_key = ek,
        6       desc = desc,
        6       default = default,
        6       label = label,
        6       flag = flag,
        6       negatable = negatable,
        6       callback = callback
              }

        6     table.insert(options, entry)
            end

            local function define_command_option(key)
              --- @module
              ---
              --- This is a special instance of the [cli]() module that you receive when
              --- you define a new command using [cli#command]().
********0     local cmd = create_core()

********0     cmd.__key__ = key
********0     cmd.type = K.TYPE_COMMAND

              --- Specify a file that the command should run. The rest of the arguments
              --- are forward to that file to process, which is free to use or not use
              --- lua_cliargs in turn.
              ---
              --- @param {string} file_path
              ---        Absolute file-path to a lua script to execute.
********0     function cmd:file(file_path)
********0       cmd.__file__ = file_path
********0       return cmd
              end

              --- Define a command handler. This callback will be invoked if the command
              --- argument was supplied by the user at runtime. What you return from this
              --- callback will be returned to the parent CLI library's parse routine and
              --- it will return that in turn!
              ---
              --- @param {function} callback
********0     function cmd:action(callback)
********0       cmd.__action__ = callback
********0       return cmd
              end

********0     return cmd
            end

            -- ------------------------------------------------------------------------ --
            -- PUBLIC API
            -- ------------------------------------------------------------------------ --

            --- CONFIG

            --- Assigns the name of the program which will be used for logging.
        3   function cli:set_name(in_name)
        3     cli.name = in_name

        3     return self
            end

            --- Write down a brief, 1-liner description of what the program does.
        3   function cli:set_description(in_description)
********0     cli.description = in_description

********0     return self
            end

            --- Sets the amount of space allocated to the argument keys and descriptions
            --- in the help listing.
            ---
            --- The sizes are used for wrapping long argument keys and descriptions.
            ---
            --- @param {number} [key_cols=0]
            ---        The number of columns assigned to the argument keys, set to 0 to
            ---        auto detect.
            ---
            --- @param {number} [desc_cols=0]
            ---        The number of columns assigned to the argument descriptions, set to
            ---        0 to auto set the total width to 72.
        3   function cli:set_colsz(key_cols, desc_cols)
********0     colsz = { key_cols or colsz[1], desc_cols or colsz[2] }
            end

        3   function cli:redefine_default(key, new_default)
********0     local entry = lookup(key, key, options)

********0     if not entry then
********0       return nil
              end

********0     if entry.flag then
********0       new_default = cast_to_boolean(new_default)
              end

********0     entry.default = shallow_copy(new_default)

********0     return true
            end

            --- Load default values from a table.
            ---
            --- @param {table} config
            ---        Your new set of defaults. The keys could either point to the short
            ---        or expanded option keys, and their values are the new defaults.
            ---
            --- @param {boolean} [strict=false]
            ---        Turn this on to return nil and an error message if a key in the
            ---        config table could not be mapped to any CLI option.
            ---
            --- @return {true}
            ---         When the new defaults were loaded successfully, or strict was not
            ---         set.
            ---
            --- @return {union<nil, string>}
            ---         When strict was set and there was an error.
        3   function cli:load_defaults(config, strict)
********0     for k, v in pairs(config) do
********0       local success = self:redefine_default(k, v)

********0       if strict and not success then
********0         return nil, "Unrecognized option with the key '" .. k .. "'"
                end
              end

********0     return true
            end

            --- Read config values from a configuration file.
            ---
            --- @param {string} path
            ---        Absolute file path.
            ---
            --- @param {string} [format=nil]
            ---        The config file format, which has to be one of:
            ---        "lua", "json", "ini", or "yaml".
            ---        When this is left blank, we try to auto-detect the format from the
            ---        file extension.
            ---
            --- @param {boolean} [strict=false]
            ---        Forwarded to [#load_defaults](). See that method for the parameter
            ---        description.
            ---
            --- @return {true|union<nil, string>}
            ---         Returns true on successful load. Otherwise, nil and an error
            ---         message are returned instead.
        3   function cli:read_defaults(path, format)
********0     if not format then
********0       format = path:match('%.([^%.]+)$')
              end

********0     local loader = config_loader.FORMAT_LOADERS[format]

********0     if not loader then
********0       return nil, 'Unsupported file format "' .. format .. '"'
              end

********0     return config_loader[loader](path)
            end

            --- Define a required argument.
            ---
            ---
            --- Required arguments do not take a symbol like `-` or `--`, may not have a
            --- default value, and are parsed in the order they are defined.
            ---
            ---
            --- For example:
            ---
            --- ```lua
            --- cli:argument('INPUT', 'path to the input file')
            --- cli:argument('OUTPUT', 'path to the output file')
            --- ```
            ---
            --- At run-time, the arguments have to be specified using the following
            --- notation:
            ---
            --- ```bash
            --- $ ./script.lua ./main.c ./a.out
            --- ```
            ---
            --- If the user does not pass a value to _every_ argument, the parser will
            --- raise an error.
            ---
            --- @param {string} key
            ---
            ---        The argument identifier that will be displayed to the user and
            ---        be used to reference the run-time value.
            ---
            --- @param {string} desc
            ---
            ---        A description for this argument to display in usage help.
            ---
            --- @param {function} [callback]
            ---        Callback to invoke when this argument is parsed.
        3   function cli:argument(key, desc, callback)
********0     assert(type(key) == "string" and type(desc) == "string",
                "Key and description are mandatory arguments (Strings)"
              )

********0     assert(callback == nil or is_callable(callback),
                "Callback argument must be a function"
              )

********0     if lookup(key, key, options) then
********0       error("Duplicate argument: " .. key .. ", please rename one of them.")
              end

********0     table.insert(options, {
                type = K.TYPE_ARGUMENT,
                key = key,
                desc = desc,
********0       callback = callback
              })

********0     return self
            end

            --- Defines a "splat" (or catch-all) argument.
            ---
            --- This is a special kind of argument that may be specified 0 or more times,
            --- the values being appended to a list.
            ---
            --- For example, let's assume our program takes a single output file and works
            --- on multiple source files:
            ---
            --- ```lua
            --- cli:argument('OUTPUT', 'path to the output file')
            --- cli:splat('INPUTS', 'the sources to compile', nil, 10) -- up to 10 source files
            --- ```
            ---
            --- At run-time, it could be invoked as such:
            ---
            --- ```bash
            --- $ ./script.lua ./a.out file1.c file2.c main.c
            --- ```
            ---
            --- If you want to make the output optional, you could do something like this:
            ---
            --- ```lua
            --- cli:option('-o, --output=FILE', 'path to the output file', './a.out')
            --- cli:splat('INPUTS', 'the sources to compile', nil, 10)
            --- ```
            ---
            --- And now we may omit the output file path:
            ---
            --- ```bash
            --- $ ./script.lua file1.c file2.c main.c
            --- ```
            ---
            --- @param {string} key
            ---        The argument's "name" that will be displayed to the user.
            ---
            --- @param {string} desc
            ---        A description of the argument.
            ---
            --- @param {*} [default=nil]
            ---        A default value.
            ---
            --- @param {number} [maxcount=1]
            ---        The maximum number of occurences allowed.
            ---
            --- @param {function} [callback]
            ---        A function to call **everytime** a value for this argument is
            ---        parsed.
            ---
        3   function cli:splat(key, desc, default, maxcount, callback)
********0     assert(#filter(options, 'type', K.TYPE_SPLAT) == 0,
                "Only one splat argument may be defined."
              )

********0     assert(type(key) == "string" and type(desc) == "string",
                "Key and description are mandatory arguments (Strings)"
              )

********0     assert(type(default) == "string" or default == nil,
                "Default value must either be omitted or be a string"
              )

********0     maxcount = tonumber(maxcount or 1)

********0     assert(maxcount > 0 and maxcount < 1000,
                "Maxcount must be a number from 1 to 999"
              )

********0     assert(is_callable(callback) or callback == nil,
                "Callback argument: expected a function or nil"
              )

********0     local typed_default = default or {}

********0     if type(typed_default) ~= 'table' then
********0       typed_default = { typed_default }
              end

********0     table.insert(options, {
                type = K.TYPE_SPLAT,
                key = key,
                desc = desc,
                default = typed_default,
                maxcount = maxcount,
********0       callback = callback
              })

********0     return self
            end

            --- Defines an optional argument.
            ---
            --- Optional arguments can use 3 different notations, and can accept a value.
            ---
            --- @param {string} key
            ---
            ---        The argument identifier. This can either be `-key`, or
            ---        `-key, --expanded-key`.
            ---        Values can be specified either by appending a space after the
            ---        identifier (e.g. `-key value` or `--expanded-key value`) or by
            ---        separating them with a `=` (e.g. `-key=value` or
            ---        `--expanded-key=value`).
            ---
            --- @param {string} desc
            ---
            ---        A description for the argument to be shown in --help.
            ---
            --- @param {bool} [default=nil]
            ---
            ---         A default value to use in case the option was not specified at
            ---         run-time (the default value is nil if you leave this blank.)
            ---
            --- @param {function} [callback]
            ---
            ---        A callback to invoke when this option is parsed.
            ---
            --- @example
            ---
            --- The following option will be stored in `args["i"]` and `args["input"]`
            --- with a default value of `file.txt`:
            ---
            ---     cli:option("-i, --input=FILE", "path to the input file", "file.txt")
        3   function cli:option(key, desc, default, callback)
********0     assert(type(key) == "string" and type(desc) == "string",
                "Key and description are mandatory arguments (Strings)"
              )

********0     assert(is_callable(callback) or callback == nil,
                "Callback argument: expected a function or nil"
              )

********0     local k, ek, v = disect(key)

              -- if there's no VALUE indicator anywhere, what they want really is a flag.
              -- e.g:
              --
              --     cli:option('-q, --quiet', '...')
********0     if v == nil then
********0       return self:flag(key, desc, default, callback)
              end

********0     define_option(k, ek, v, key, desc, default, callback)

********0     return self
            end

            --- Define an optional "flag" argument.
            ---
            --- Flags are a special subset of options that can either be `true` or `false`.
            ---
            --- For example:
            --- ```lua
            --- cli:flag('-q, --quiet', 'Suppress output.', true)
            --- ```
            ---
            --- At run-time:
            ---
            --- ```bash
            --- $ ./script.lua --quiet
            --- $ ./script.lua -q
            --- ```
            ---
            --- Passing a value to a flag raises an error:
            ---
            --- ```bash
            --- $ ./script.lua --quiet=foo
            --- $ echo $? # => 1
            --- ```
            ---
            --- Flags may be _negatable_ by prepending `[no-]` to their key:
            ---
            --- ```lua
            --- cli:flag('-c, --[no-]compress', 'whether to compress or not', true)
            --- ```
            ---
            --- Now the user gets to pass `--no-compress` if they want to skip
            --- compression, or either specify `--compress` explicitly or leave it
            --- unspecified to use compression.
            ---
            --- @param {string} key
            --- @param {string} desc
            --- @param {*} default
            --- @param {function} callback
        3   function cli:flag(key, desc, default, callback)
        6     if type(default) == "function" then
********0       callback = default
********0       default = nil
              end

       12     assert(type(key) == "string" and type(desc) == "string",
                "Key and description are mandatory arguments (Strings)"
        6     )

        6     local k, ek, v = disect(key)

        6     if v ~= nil then
********0       error("A flag type option cannot have a value set: " .. key)
              end

        6     define_option(k, ek, nil, key, desc, cast_to_boolean(default), callback)

        6     return self
            end

            --- Define a command argument.
            ---
            --- @param {string} name
            ---        The name of the command and the argument that the user has to
            ---        supply to invoke it.
            ---
            --- @param {string} [desc]
            ---        An optional string to show in the help listing which should
            ---        describe what the command does. It will be displayed if --help
            ---        was run on the main program.
            ---
            ---
            --- @return {cmd}
            ---         Another instance of the CLI library which is scoped to that
            ---         command.
        3   function cli:command(name, desc)
********0     local cmd = define_command_option(name)

********0     cmd:set_name(cli.name .. ' ' .. name)
********0     cmd:set_description(desc)

********0     table.insert(options, cmd)

********0     return cmd
            end

            --- Parse the process arguments table.
            ---
            --- @param {table<string>} [arguments=_G.arg]
            ---        The list of arguments to parse. Defaults to the global `arg` table
            ---        which contains the arguments the process was started with.
            ---
            --- @return {table}
            ---         A table containing all the arguments, options, flags,
            ---         and splat arguments that were specified or had a default
            ---         (where applicable).
            ---
            --- @return {array<nil, string>}
            ---         If a parsing error has occured, note that the --help option is
            ---         also considered an error.
        3   function cli:parse(arguments)
        3     return parser(arguments, options, cli.printer)
            end

            --- Prints the USAGE message.
            ---
            --- @return {string}
            ---         The USAGE message.
        3   function cli:print_usage()
********0     cli.printer.print(cli:get_usage_message())
            end

        3   function cli:get_usage_message()
********0     return cli.printer.generate_usage()
            end

            --- Prints the HELP information.
            ---
            --- @return {string}
            ---         The HELP message.
        3   function cli:print_help()
********0     cli.printer.print(cli.printer.generate_help_and_usage())
            end

        3   return cli
          end

********0 return create_core

==============================================================================
/home/tiago/work/lua/lua-gdpr-iab-tcfv2/.rocks/share/lua/5.1/cliargs/parser.lua
==============================================================================
********0 local K = require 'cliargs.constants'

          -------------------------------------------------------------------------------
          -- UTILS
          -------------------------------------------------------------------------------
********0 local shallow_copy = require 'cliargs.utils.shallow_copy'
********0 local filter = require 'cliargs.utils.filter'
********0 local disect_argument = require 'cliargs.utils.disect_argument'
********0 local lookup = require 'cliargs.utils.lookup'

          local function clone_table_shift(t)
********0   local clone = shallow_copy(t)
********0   table.remove(clone, 1)
********0   return clone
          end

          local function clone_table_remove(t, index)
********0   local clone = shallow_copy(t)
********0   table.remove(clone, index)
********0   return clone
          end

          -------------------------------------------------------------------------------
          -- PARSE ROUTINES
          -------------------------------------------------------------------------------
********0 local p = {}
********0 function p.invoke_command(args, options, done)
        3   local commands = filter(options, 'type', K.TYPE_COMMAND)

        3   for index, opt in ipairs(args) do
********0     local command = filter(commands, '__key__', opt)[1]

********0     if command then
********0       local command_args = clone_table_remove(args, index)

********0       if command.__action__ then
********0         local parsed_command_args, err = command:parse(command_args)

********0         if err then
********0           return nil, err
                  end

********0         return command.__action__(parsed_command_args)
********0       elseif command.__file__ then
********0         local filename = command.__file__

********0         if type(filename) == 'function' then
********0           filename = filename()
                  end

                  local run_command_file = function()
********0           _G.arg = command_args

********0           local res, err = assert(loadfile(filename))()

********0           _G.arg = args

********0           return res, err
                  end

********0         return run_command_file()
                end
              end
            end

        3   return done()
          end

********0 function p.print_help(args, printer, done)
            -- has --help or -h ? display the help listing and abort!
       15   for _, v in pairs(args) do
       12     if v == "--help" or v == "-h" then
********0       return nil, printer.generate_help_and_usage()
              end
            end

        3   return done()
          end

********0 function p.track_dump_request(args, done)
            -- starts with --__DUMP__; set dump to true to dump the parsed arguments
        3   if args[1] == "--__DUMP__" then
********0     return done(true, clone_table_shift(args))
            else
        3     return done(false, args)
            end
          end

********0 function p.process_arguments(args, options, done)
        3   local values = {}
        3   local cursor = 0
        3   local argument_cursor = 1
        3   local argument_delimiter_found = false
            local function consume()
********0     cursor = cursor + 1

********0     return args[cursor]
            end

        3   local required = filter(options, 'type', K.TYPE_ARGUMENT)

        3   while cursor < #args do
********0     local curr_opt = consume()
********0     local symbol, key, value, flag_negated = disect_argument(curr_opt)

              -- end-of-options indicator:
********0     if curr_opt == "--" then
********0       argument_delimiter_found = true

              -- an option:
********0     elseif not argument_delimiter_found and symbol then
********0       local entry = lookup(key, key, options)

********0       if not key or not entry then
********0         local option_type = value and "option" or "flag"

********0         return nil, "unknown/bad " .. option_type .. ": " .. curr_opt
                end

********0       if flag_negated and not entry.negatable then
********0         return nil, "flag '" .. curr_opt .. "' may not be negated using --no-"
                end

                -- a flag and a value specified? that's an error
********0       if entry.flag and value then
********0         return nil, "flag " .. curr_opt .. " does not take a value"
********0       elseif entry.flag then
********0         value = not flag_negated
                -- an option:
                else
                  -- the value might be in the next argument, e.g:
                  --
                  --     --compress lzma
********0         if not value then
                    -- if the option contained a = and there's no value, it means they
                    -- want to nullify an option's default value. eg:
                    --
                    --    --compress=
********0           if curr_opt:find('=') then
********0             value = '__CLIARGS_NULL__'
                    else
                      -- NOTE: this has the potential to be buggy and swallow the next
                      -- entry as this entry's value even though that entry may be an
                      -- actual argument/option
                      --
                      -- this would be a user error and there is no determinate way to
                      -- figure it out because if there's no leading symbol (- or --)
                      -- in that entry it can be an actual argument. :shrug:
********0             value = consume()

********0             if not value then
********0               return nil, "option " .. curr_opt .. " requires a value to be set"
                      end
                    end
                  end
                end

********0       table.insert(values, { entry = entry, value = value })

********0       if entry.callback then
********0         local altkey = entry.key
                  local status, err

********0         if key == entry.key then
********0           altkey = entry.expanded_key
                  else
********0           key = entry.expanded_key
                  end

********0         status, err = entry.callback(key, value, altkey, curr_opt)

********0         if status == nil and err then
********0           return nil, err
                  end
                end

              -- a regular argument:
********0     elseif argument_cursor <= #required then
********0       local entry = required[argument_cursor]

********0       table.insert(values, { entry = entry, value = curr_opt })

********0       if entry.callback then
********0         local status, err = entry.callback(entry.key, curr_opt)

********0         if status == nil and err then
********0           return nil, err
                  end
                end

********0       argument_cursor = argument_cursor + 1

              -- a splat argument:
              else
********0       local entry = filter(options, 'type', K.TYPE_SPLAT)[1]

********0       if entry then
********0         table.insert(values, { entry = entry, value = curr_opt })

********0         if entry.callback then
********0           local status, err = entry.callback(entry.key, curr_opt)

********0           if status == nil and err then
********0             return nil, err
                    end
                  end
                end

********0       argument_cursor = argument_cursor + 1
              end
            end

        3   return done(values, argument_cursor - 1)
          end

********0 function p.validate(options, arg_count, done)
        3   local required = filter(options, 'type', K.TYPE_ARGUMENT)
        3   local splatarg = filter(options, 'type', K.TYPE_SPLAT)[1] or { maxcount = 0 }

        3   local min_arg_count = #required
        3   local max_arg_count = #required + splatarg.maxcount

            -- missing any required arguments, or too many?
        3   if arg_count < min_arg_count or arg_count > max_arg_count then
********0     if splatarg.maxcount > 0 then
********0       return nil, (
********0         "bad number of arguments: " ..
********0         min_arg_count .. "-" .. max_arg_count ..
********0         " argument(s) must be specified, not " .. arg_count
                )
              else
********0       return nil, (
********0         "bad number of arguments: " ..
********0         min_arg_count .. " argument(s) must be specified, not " .. arg_count
                )
              end
            end

        3   return done()
          end

********0 function p.collect_results(cli_values, options)
        3   local results = {}
            local function collect_with_default(entry)
        6     local entry_values = {}
              local _

        6     for _, item in ipairs(cli_values) do
********0       if item.entry == entry then
********0         table.insert(entry_values, item.value)
                end
              end

        6     if #entry_values == 0 then
        6       return type(entry.default) == 'table' and entry.default or { entry.default }
              else
********0       return entry_values
              end
            end

            local function write(entry, value)
        6     if entry.key then results[entry.key] = value end
        6     if entry.expanded_key then results[entry.expanded_key] = value end
            end

        9   for _, entry in pairs(options) do
        6     local entry_cli_values = collect_with_default(entry)
        6     local maxcount = entry.maxcount

        6     if maxcount == nil then
        6       maxcount = type(entry.default) == 'table' and 999 or 1
              end

        6     local entry_value = entry_cli_values

        6     if maxcount == 1 and type(entry_cli_values) == 'table' then
                -- take the last value
        6       entry_value = entry_cli_values[#entry_cli_values]

        6       if entry_value == '__CLIARGS_NULL__' then
********0         entry_value = nil
                end
              end

        6     write(entry, entry_value)
            end

        3   return results
          end


          return function(arguments, options, printer)
        6   assert(arguments == nil or type(arguments) == "table",
        3     "expected an argument table to be passed in, " ..
        3     "got something of type " .. type(arguments)
            )

        3   local args = arguments or _G.arg or {}

            -- the spiral of DOOM:
        6   return p.invoke_command(args, options, function()
        6     return p.track_dump_request(args, function(dump, args_without_dump)
        6       return p.print_help(args_without_dump, printer, function()
        6         return p.process_arguments(args_without_dump, options, function(values, arg_count)
        6           return p.validate(options, arg_count, function()
        3             if dump then
********0               return nil, printer.dump_internal_state(values)
                      else
        3               return p.collect_results(values, options)
                      end
                    end)
                  end)
                end)
              end)
            end)
          end

==============================================================================
/home/tiago/work/lua/lua-gdpr-iab-tcfv2/.rocks/share/lua/5.1/cliargs/printer.lua
==============================================================================
********0 local wordwrap = require('cliargs.utils.wordwrap')
********0 local filter = require('cliargs.utils.filter')
********0 local K = require('cliargs.constants')
********0 local MAX_COLS = 72
          local _

          local function create_printer(get_parser_state)
        3   local printer = {}

        3   function printer.print(msg)
********0     return _G.print(msg)
            end

            local function get_max_label_length()
********0     local maxsz = 0
********0     local state = get_parser_state()
********0     local optargument = filter(state.options, 'type', K.TYPE_SPLAT)[1]
********0     local commands = filter(state.options, 'type', K.TYPE_COMMAND)

********0     for _, entry in ipairs(commands) do
********0       if #entry.__key__ > maxsz then
********0         maxsz = #entry.__key__
                end
              end

********0     for _,table_name in ipairs({"options"}) do
********0       for _, entry in ipairs(state[table_name]) do
********0         local key = entry.label or entry.key or entry.__key__

********0         if #key > maxsz then
********0           maxsz = #key
                  end
                end
              end

********0     if optargument and #optargument.key > maxsz then
********0       maxsz = #optargument.key
              end

********0     return maxsz
            end

            -- Generate the USAGE heading message.
        3   function printer.generate_usage()
********0     local state = get_parser_state()
********0     local msg = "Usage:"

********0     local required = filter(state.options, 'type', K.TYPE_ARGUMENT)
********0     local optional = filter(state.options, 'type', K.TYPE_OPTION)
********0     local optargument = filter(state.options, 'type', K.TYPE_SPLAT)[1]

********0     if #state.name > 0 then
********0       msg = msg .. ' ' .. tostring(state.name)
              end

********0     if #optional > 0 then
********0       msg = msg .. " [OPTIONS]"
              end

********0     if #required > 0 or optargument then
********0       msg = msg .. " [--]"
              end

********0     if #required > 0 then
********0       for _,entry in ipairs(required) do
********0         msg = msg .. " " .. entry.key
                end
              end

********0     if optargument then
********0       if optargument.maxcount == 1 then
********0         msg = msg .. " [" .. optargument.key .. "]"
********0       elseif optargument.maxcount == 2 then
********0         msg = msg .. " [" .. optargument.key .. "-1 [" .. optargument.key .. "-2]]"
********0       elseif optargument.maxcount > 2 then
********0         msg = msg .. " [" .. optargument.key .. "-1 [" .. optargument.key .. "-2 [...]]]"
                end
              end

********0     return msg
            end

        3   function printer.generate_help()
********0     local msg = ''
********0     local state = get_parser_state()
********0     local col1 = state.colsz[1]
********0     local col2 = state.colsz[2]
********0     local required = filter(state.options, 'type', K.TYPE_ARGUMENT)
********0     local optional = filter(state.options, 'type', K.TYPE_OPTION)
********0     local commands = filter(state.options, 'type', K.TYPE_COMMAND)
********0     local optargument = filter(state.options, 'type', K.TYPE_SPLAT)[1]

              local function append(label, desc)
********0       label = "  " .. label .. string.rep(" ", col1 - (#label + 2))
********0       desc = table.concat(wordwrap(desc, col2), "\n") -- word-wrap
********0       desc = desc:gsub("\n", "\n" .. string.rep(" ", col1)) -- add padding

********0       msg = msg .. label .. desc .. "\n"
              end

********0     if col1 == 0 then
********0       col1 = get_max_label_length(state)
              end

              -- add margins
********0     col1 = col1 + 3

********0     if col2 == 0 then
********0       col2 = MAX_COLS - col1
              end

********0     if col2 < 10 then
********0       col2 = 10
              end

********0     if #commands > 0 then
********0       msg = msg .. "\nCOMMANDS: \n"

********0       for _, entry in ipairs(commands) do
********0         append(entry.__key__, entry.description or '')
                end
              end

********0     if required[1] or optargument then
********0       msg = msg .. "\nARGUMENTS: \n"

********0       for _,entry in ipairs(required) do
********0         append(entry.key, entry.desc .. " (required)")
                end
              end

********0     if optargument then
********0       local optarg_desc = ' ' .. optargument.desc
********0       local default_value = optargument.maxcount > 1 and
********0         optargument.default[1] or
                  optargument.default

********0       if #optargument.default > 0 then
********0         optarg_desc = optarg_desc .. " (optional, default: " .. tostring(default_value[1]) .. ")"
                else
********0         optarg_desc = optarg_desc .. " (optional)"
                end

********0       append(optargument.key, optarg_desc)
              end

********0     if #optional > 0 then
********0       msg = msg .. "\nOPTIONS: \n"

********0       for _,entry in ipairs(optional) do
********0         local desc = entry.desc
********0         if not entry.flag and entry.default and #tostring(entry.default) > 0 then
********0           local readable_default = type(entry.default) == "table" and "[]" or tostring(entry.default)
********0           desc = desc .. " (default: " .. readable_default .. ")"
********0         elseif entry.flag and entry.negatable then
********0           local readable_default = entry.default and 'on' or 'off'
********0           desc = desc .. " (default: " .. readable_default .. ")"
                  end
********0         append(entry.label, desc)
                end
              end

********0     return msg
            end

        3   function printer.dump_internal_state(values)
********0     local state = get_parser_state()
********0     local required = filter(state.options, 'type', K.TYPE_ARGUMENT)
********0     local optional = filter(state.options, 'type', K.TYPE_OPTION)
********0     local optargument = filter(state.options, 'type', K.TYPE_SPLAT)[1]
********0     local maxlabel = get_max_label_length()
********0     local msg = ''

              local function print(fragment)
********0       msg = msg .. fragment .. '\n'
              end

********0     print("\n======= Provided command line =============")
********0     print("\nNumber of arguments: ", #arg)

********0     for i,v in ipairs(arg) do -- use gloabl 'arg' not the modified local 'args'
********0       print(string.format("%3i = '%s'", i, v))
              end

********0     print("\n======= Parsed command line ===============")
********0     if #required > 0 then print("\nArguments:") end
********0     for _, entry in ipairs(required) do
********0       print(
********0         "  " ..
********0         entry.key .. string.rep(" ", maxlabel + 2 - #entry.key) ..
********0         " => '" ..
********0         tostring(values[entry]) ..
                  "'"
                )
              end

********0     if optargument then
********0       print(
********0         "\nOptional arguments:" ..
********0         optargument.key ..
********0         "; allowed are " ..
********0         tostring(optargument.maxcount) ..
                  " arguments"
                )

********0       if optargument.maxcount == 1 then
********0           print(
********0             "  " .. optargument.key ..
********0             string.rep(" ", maxlabel + 2 - #optargument.key) ..
********0             " => '" ..
********0             optargument.key ..
                      "'"
                    )
                else
********0         for i = 1, optargument.maxcount do
********0           if values[optargument] and values[optargument][i] then
********0             print(
********0               "  " .. tostring(i) ..
********0               string.rep(" ", maxlabel + 2 - #tostring(i)) ..
********0               " => '" ..
********0               tostring(values[optargument][i]) ..
                        "'"
                      )
                    end
                  end
                end
              end

********0     if #optional > 0 then print("\nOptional parameters:") end
********0     local doubles = {}
********0     for _, entry in pairs(optional) do
********0       if not doubles[entry] then
********0         local value = values[entry]

********0         if type(value) == "string" then
********0           value = "'"..value.."'"
                  else
********0           value = tostring(value) .." (" .. type(value) .. ")"
                  end

********0         print("  " .. entry.label .. string.rep(" ", maxlabel + 2 - #entry.label) .. " => " .. value)

********0         doubles[entry] = entry
                end
              end

********0     print("\n===========================================\n\n")

********0     return msg
            end

        3   function printer.generate_help_and_usage()
********0     local msg = ''

********0     msg = msg .. printer.generate_usage() .. '\n'
********0     msg = msg .. printer.generate_help()

********0     return msg
            end

        3   return printer
          end

********0 return create_printer

==============================================================================
/home/tiago/work/lua/lua-gdpr-iab-tcfv2/.rocks/share/lua/5.1/cliargs/utils/disect.lua
==============================================================================
********0 local split = require('cliargs.utils.split')

********0 local RE_ADD_COMMA = "^%-([%a%d]+)[%s]%-%-"
********0 local RE_ADJUST_DELIMITER = "(%-%-?)([%a%d]+)[%s]"

          -- parameterize the key if needed, possible variations:
          --
          --     -key
          --     -key VALUE
          --     -key=VALUE
          --
          --     -key, --expanded
          --     -key, --expanded VALUE
          --     -key, --expanded=VALUE
          --
          --     -key --expanded
          --     -key --expanded VALUE
          --     -key --expanded=VALUE
          --
          --     --expanded
          --     --expanded VALUE
          --     --expanded=VALUE
          local function disect(key)
            -- characters allowed are a-z, A-Z, 0-9
            -- extended + values also allow; # @ _ + -
            local k, ek, v, _
            local dummy

            -- leading "-" or "--"
            local prefix

            -- if there is no comma, between short and extended, add one
        6   _, _, dummy = key:find(RE_ADD_COMMA)
        6   if dummy then
********0     key = key:gsub(RE_ADD_COMMA, "-" .. dummy .. ", --", 1)
            end

            -- replace space delimiting the value indicator by "="
            --
            --     -key VALUE => -key=VALUE
            --     --expanded-key VALUE => --expanded-key=VALUE
        6   _, _, prefix, dummy = key:find(RE_ADJUST_DELIMITER)
        6   if prefix and dummy then
********0     key = key:gsub(RE_ADJUST_DELIMITER, prefix .. dummy .. "=", 1)
            end

            -- if there is no "=", then append one
        6   if not key:find("=") then
        6     key = key .. "="
            end

            -- get value
        6   _, _, v = key:find(".-%=(.+)")

            -- get key(s), remove spaces
        6   key = split(key, "=")[1]:gsub(" ", "")

            -- get short key & extended key
        6   _, _, k = key:find("^%-([^-][^%s,]*)")
        6   _, _, ek = key:find("%-%-(.+)$")

        6   if v == "" then
********0     v = nil
            end

        6   return k,ek,v
          end

********0 return disect

==============================================================================
/home/tiago/work/lua/lua-gdpr-iab-tcfv2/.rocks/share/lua/5.1/cliargs/utils/filter.lua
==============================================================================
          return function(t, k, v)
       12   local out = {}

       36   for _, item in ipairs(t) do
       24     if item[k] == v then
********0       table.insert(out, item)
              end
            end

       12   return out
          end

==============================================================================
/home/tiago/work/lua/lua-gdpr-iab-tcfv2/.rocks/share/lua/5.1/cliargs/utils/lookup.lua
==============================================================================

          -- Used internally to lookup an entry using either its short or expanded keys
          local function lookup(k, ek, ...)
            local _

       12   for _, t in ipairs({...}) do
        9     for _, entry in ipairs(t) do
        3       if k  and entry.key == k then
********0         return entry
                end

        3       if ek and entry.expanded_key == ek then
********0         return entry
                end

        3       if entry.negatable then
********0         if ek and ("no-"..entry.expanded_key) == ek then return entry end
                end
              end
            end

        6   return nil
          end

********0 return lookup

==============================================================================
/home/tiago/work/lua/lua-gdpr-iab-tcfv2/.rocks/share/lua/5.1/cliargs/utils/split.lua
==============================================================================
          local function split(str, pat)
        6   local t = {}
        6   local fpat = "(.-)" .. pat
        6   local last_end = 1
        6   local s, e, cap = str:find(fpat, 1)

       12   while s do
        6     if s ~= 1 or cap ~= "" then
        6       table.insert(t,cap)
              end

        6     last_end = e + 1
        6     s, e, cap = str:find(fpat, last_end)
            end

        6   if last_end <= #str then
********0     cap = str:sub(last_end)
********0     table.insert(t, cap)
            end

        6   return t
          end

********0 return split

==============================================================================
/home/tiago/work/lua/lua-gdpr-iab-tcfv2/.rocks/share/lua/5.1/luassert/assert.lua
==============================================================================
********0 local s = require 'say'
********0 local astate = require 'luassert.state'
********0 local util = require 'luassert.util'
********0 local unpack = util.unpack
          local obj   -- the returned module table
********0 local level_mt = {}

          -- list of namespaces
********0 local namespace = require 'luassert.namespaces'

          local function geterror(assertion_message, failure_message, args)
********0   if util.hastostring(failure_message) then
********0     failure_message = tostring(failure_message)
********0   elseif failure_message ~= nil then
********0     failure_message = astate.format_argument(failure_message)
            end
********0   local message = s(assertion_message, obj:format(args))
********0   if message and failure_message then
********0     message = failure_message .. "\n" .. message
            end
********0   return message or failure_message
          end

********0 local __state_meta = {

            __call = function(self, ...)
     1582     local keys = util.extract_keys("assertion", self.tokens)

              local assertion

     4749     for _, key in ipairs(keys) do
     3167       assertion = namespace.assertion[key] or assertion
              end

     1582     if assertion then
     4749       for _, key in ipairs(keys) do
     3167         if namespace.modifier[key] then
     1585           namespace.modifier[key].callback(self)
                  end
                end

     1582       local arguments = util.make_arglist(...)
     1582       local val, retargs = assertion.callback(self, arguments, util.errorlevel())

     1582       if (not val) == self.mod then
********0         local message = assertion.positive_message
********0         if not self.mod then
********0           message = assertion.negative_message
                  end
********0         local err = geterror(message, rawget(self,"failure_message"), arguments)
********0         error(err or "assertion failed!", util.errorlevel())
                end

     1582       if retargs then
********0         return unpack(retargs)
                end
     1582       return ...
              else
********0       local arguments = util.make_arglist(...)
********0       self.tokens = {}

********0       for _, key in ipairs(keys) do
********0         if namespace.modifier[key] then
********0           namespace.modifier[key].callback(self, arguments, util.errorlevel())
                  end
                end
              end

********0     return self
            end,

            __index = function(self, key)
     6296     for token in key:lower():gmatch('[^_]+') do
     3167       table.insert(self.tokens, token)
              end

     3129     return self
            end
          }

********0 obj = {
     1582   state = function() return setmetatable({mod=true, tokens={}}, __state_meta) end,

            -- registers a function in namespace
            register = function(self, nspace, name, callback, positive_message, negative_message)
********0     local lowername = name:lower()
********0     if not namespace[nspace] then
********0       namespace[nspace] = {}
              end
********0     namespace[nspace][lowername] = {
                callback = callback,
                name = lowername,
                positive_message=positive_message,
********0       negative_message=negative_message
              }
            end,

            -- unregisters a function in a namespace
            unregister = function(self, nspace, name)
********0     local lowername = name:lower()
********0     if not namespace[nspace] then
********0       namespace[nspace] = {}
              end
********0     namespace[nspace][lowername] = nil
            end,

            -- registers a formatter
            -- a formatter takes a single argument, and converts it to a string, or returns nil if it cannot format the argument
            add_formatter = function(self, callback)
********0     astate.add_formatter(callback)
            end,

            -- unregisters a formatter
            remove_formatter = function(self, fmtr)
********0     astate.remove_formatter(fmtr)
            end,

            format = function(self, args)
              -- args.n specifies the number of arguments in case of 'trailing nil' arguments which get lost
********0     local nofmt = args.nofmt or {}  -- arguments in this list should not be formatted
********0     local fmtargs = args.fmtargs or {} -- additional arguments to be passed to formatter
********0     for i = 1, (args.n or #args) do -- cannot use pairs because table might have nils
********0       if not nofmt[i] then
********0         local val = args[i]
********0         local valfmt = astate.format_argument(val, nil, fmtargs[i])
********0         if valfmt == nil then valfmt = tostring(val) end -- no formatter found
********0         args[i] = valfmt
                end
              end
********0     return args
            end,

            set_parameter = function(self, name, value)
        3     astate.set_parameter(name, value)
            end,

            get_parameter = function(self, name)
********0     return astate.get_parameter(name)
            end,

            add_spy = function(self, spy)
********0     astate.add_spy(spy)
            end,

            snapshot = function(self)
********0     return astate.snapshot()
            end,

            level = function(self, level)
********0     return setmetatable({
********0         level = level
********0       }, level_mt)
            end,

            -- returns the level if a level-value, otherwise nil
            get_level = function(self, level)
********0     if getmetatable(level) ~= level_mt then
********0       return nil -- not a valid error-level
              end
********0     return level.level
            end,
          }

********0 local __meta = {

            __call = function(self, bool, message, level, ...)
     1547     if not bool then
********0       local err_level = (self:get_level(level) or 1) + 1
********0       error(message or "assertion failed!", err_level)
              end
     1547     return bool , message , level , ...
            end,

            __index = function(self, key)
     1582     return rawget(self, key) or self.state()[key]
            end,

          }

********0 return setmetatable(obj, __meta)

==============================================================================
/home/tiago/work/lua/lua-gdpr-iab-tcfv2/.rocks/share/lua/5.1/luassert/assertions.lua
==============================================================================
          -- module will not return anything, only register assertions with the main assert engine

          -- assertions take 2 parameters;
          -- 1) state
          -- 2) arguments list. The list has a member 'n' with the argument count to check for trailing nils
          -- 3) level The level of the error position relative to the called function
          -- returns; boolean; whether assertion passed

********0 local assert = require('luassert.assert')
********0 local astate = require ('luassert.state')
********0 local util = require ('luassert.util')
********0 local s = require('say')

          local function format(val)
********0   return astate.format_argument(val) or tostring(val)
          end

          local function set_failure_message(state, message)
     1582   if message ~= nil then
     1508     state.failure_message = message
            end
          end

          local function unique(state, arguments, level)
********0   local list = arguments[1]
            local deep
********0   local argcnt = arguments.n
********0   if type(arguments[2]) == "boolean" or (arguments[2] == nil and argcnt > 2) then
********0     deep = arguments[2]
********0     set_failure_message(state, arguments[3])
            else
********0     if type(arguments[3]) == "boolean" then
********0       deep = arguments[3]
              end
********0     set_failure_message(state, arguments[2])
            end
********0   for k,v in pairs(list) do
********0     for k2, v2 in pairs(list) do
********0       if k ~= k2 then
********0         if deep and util.deepcompare(v, v2, true) then
********0           return false
                  else
********0           if v == v2 then
********0             return false
                    end
                  end
                end
              end
            end
********0   return true
          end

          local function near(state, arguments, level)
********0   local level = (level or 1) + 1
********0   local argcnt = arguments.n
********0   assert(argcnt > 2, s("assertion.internal.argtolittle", { "near", 3, tostring(argcnt) }), level)
********0   local expected = tonumber(arguments[1])
********0   local actual = tonumber(arguments[2])
********0   local tolerance = tonumber(arguments[3])
********0   local numbertype = "number or object convertible to a number"
********0   assert(expected, s("assertion.internal.badargtype", { 1, "near", numbertype, format(arguments[1]) }), level)
********0   assert(actual, s("assertion.internal.badargtype", { 2, "near", numbertype, format(arguments[2]) }), level)
********0   assert(tolerance, s("assertion.internal.badargtype", { 3, "near", numbertype, format(arguments[3]) }), level)
            -- switch arguments for proper output message
********0   util.tinsert(arguments, 1, util.tremove(arguments, 2))
********0   arguments[3] = tolerance
********0   arguments.nofmt = arguments.nofmt or {}
********0   arguments.nofmt[3] = true
********0   set_failure_message(state, arguments[4])
********0   return (actual >= expected - tolerance and actual <= expected + tolerance)
          end

          local function matches(state, arguments, level)
********0   local level = (level or 1) + 1
********0   local argcnt = arguments.n
********0   assert(argcnt > 1, s("assertion.internal.argtolittle", { "matches", 2, tostring(argcnt) }), level)
********0   local pattern = arguments[1]
            local actual = nil
********0   if util.hastostring(arguments[2]) or type(arguments[2]) == "number" then
********0     actual = tostring(arguments[2])
            end
            local err_message
********0   local init_arg_num = 3
********0   for i=3,argcnt,1 do
********0     if arguments[i] and type(arguments[i]) ~= "boolean" and not tonumber(arguments[i]) then
********0       if i == 3 then init_arg_num = init_arg_num + 1 end
********0       err_message = util.tremove(arguments, i)
                break
              end
            end
********0   local init = arguments[3]
********0   local plain = arguments[4]
********0   local stringtype = "string or object convertible to a string"
********0   assert(type(pattern) == "string", s("assertion.internal.badargtype", { 1, "matches", "string", type(arguments[1]) }), level)
********0   assert(actual, s("assertion.internal.badargtype", { 2, "matches", stringtype, format(arguments[2]) }), level)
********0   assert(init == nil or tonumber(init), s("assertion.internal.badargtype", { init_arg_num, "matches", "number", type(arguments[3]) }), level)
            -- switch arguments for proper output message
********0   util.tinsert(arguments, 1, util.tremove(arguments, 2))
********0   set_failure_message(state, err_message)
            local retargs
            local ok
********0   if plain then
********0     ok = (actual:find(pattern, init, plain) ~= nil)
********0     retargs = ok and { pattern } or {}
            else
********0     retargs = { actual:match(pattern, init) }
********0     ok = (retargs[1] ~= nil)
            end
********0   return ok, retargs
          end

          local function equals(state, arguments, level)
     1547   local level = (level or 1) + 1
     1547   local argcnt = arguments.n
     1547   assert(argcnt > 1, s("assertion.internal.argtolittle", { "equals", 2, tostring(argcnt) }), level)
     1547   local result =  arguments[1] == arguments[2]
            -- switch arguments for proper output message
     1547   util.tinsert(arguments, 1, util.tremove(arguments, 2))
     1547   set_failure_message(state, arguments[3])
     1547   return result
          end

          local function same(state, arguments, level)
********0   local level = (level or 1) + 1
********0   local argcnt = arguments.n
********0   assert(argcnt > 1, s("assertion.internal.argtolittle", { "same", 2, tostring(argcnt) }), level)
********0   if type(arguments[1]) == 'table' and type(arguments[2]) == 'table' then
********0     local result, crumbs = util.deepcompare(arguments[1], arguments[2], true)
              -- switch arguments for proper output message
********0     util.tinsert(arguments, 1, util.tremove(arguments, 2))
********0     arguments.fmtargs = arguments.fmtargs or {}
********0     arguments.fmtargs[1] = { crumbs = crumbs }
********0     arguments.fmtargs[2] = { crumbs = crumbs }
********0     set_failure_message(state, arguments[3])
********0     return result
            end
********0   local result = arguments[1] == arguments[2]
            -- switch arguments for proper output message
********0   util.tinsert(arguments, 1, util.tremove(arguments, 2))
********0   set_failure_message(state, arguments[3])
********0   return result
          end

          local function truthy(state, arguments, level)
********0   local argcnt = arguments.n
********0   assert(argcnt > 0, s("assertion.internal.argtolittle", { "truthy", 1, tostring(argcnt) }), level)
********0   set_failure_message(state, arguments[2])
********0   return arguments[1] ~= false and arguments[1] ~= nil
          end

          local function falsy(state, arguments, level)
********0   local argcnt = arguments.n
********0   assert(argcnt > 0, s("assertion.internal.argtolittle", { "falsy", 1, tostring(argcnt) }), level)
********0   return not truthy(state, arguments, level)
          end

          local function has_error(state, arguments, level)
********0   local level = (level or 1) + 1
********0   local retargs = util.shallowcopy(arguments)
********0   local func = arguments[1]
********0   local err_expected = arguments[2]
********0   local failure_message = arguments[3]
********0   assert(util.callable(func), s("assertion.internal.badargtype", { 1, "error", "function or callable object", type(func) }), level)
********0   local ok, err_actual = pcall(func)
********0   if type(err_actual) == 'string' then
              -- remove 'path/to/file:line: ' from string
********0     err_actual = err_actual:gsub('^.-:%d+: ', '', 1)
            end
********0   retargs[1] = err_actual
********0   arguments.nofmt = {}
********0   arguments.n = 2
********0   arguments[1] = (ok and '(no error)' or err_actual)
********0   arguments[2] = (err_expected == nil and '(error)' or err_expected)
********0   arguments.nofmt[1] = ok
********0   arguments.nofmt[2] = (err_expected == nil)
********0   set_failure_message(state, failure_message)

********0   if ok or err_expected == nil then
********0     return not ok, retargs
            end
********0   if type(err_expected) == 'string' then
              -- err_actual must be (convertible to) a string
********0     if util.hastostring(err_actual) then
********0       err_actual = tostring(err_actual)
********0       retargs[1] = err_actual
              end
********0     if type(err_actual) == 'string' then
********0       return err_expected == err_actual, retargs
              end
********0   elseif type(err_expected) == 'number' then
********0     if type(err_actual) == 'string' then
********0       return tostring(err_expected) == tostring(tonumber(err_actual)), retargs
              end
            end
********0   return same(state, {err_expected, err_actual, ["n"] = 2}), retargs
          end

          local function error_matches(state, arguments, level)
********0   local level = (level or 1) + 1
********0   local retargs = util.shallowcopy(arguments)
********0   local argcnt = arguments.n
********0   local func = arguments[1]
********0   local pattern = arguments[2]
********0   assert(argcnt > 1, s("assertion.internal.argtolittle", { "error_matches", 2, tostring(argcnt) }), level)
********0   assert(util.callable(func), s("assertion.internal.badargtype", { 1, "error_matches", "function or callable object", type(func) }), level)
********0   assert(pattern == nil or type(pattern) == "string", s("assertion.internal.badargtype", { 2, "error", "string", type(pattern) }), level)

            local failure_message
********0   local init_arg_num = 3
********0   for i=3,argcnt,1 do
********0     if arguments[i] and type(arguments[i]) ~= "boolean" and not tonumber(arguments[i]) then
********0       if i == 3 then init_arg_num = init_arg_num + 1 end
********0       failure_message = util.tremove(arguments, i)
                break
              end
            end
********0   local init = arguments[3]
********0   local plain = arguments[4]
********0   assert(init == nil or tonumber(init), s("assertion.internal.badargtype", { init_arg_num, "matches", "number", type(arguments[3]) }), level)

********0   local ok, err_actual = pcall(func)
********0   if type(err_actual) == 'string' then
              -- remove 'path/to/file:line: ' from string
********0     err_actual = err_actual:gsub('^.-:%d+: ', '', 1)
            end
********0   retargs[1] = err_actual
********0   arguments.nofmt = {}
********0   arguments.n = 2
********0   arguments[1] = (ok and '(no error)' or err_actual)
********0   arguments[2] = pattern
********0   arguments.nofmt[1] = ok
********0   arguments.nofmt[2] = false
********0   set_failure_message(state, failure_message)

********0   if ok then return not ok, retargs end
********0   if err_actual == nil and pattern == nil then
********0     return true, {}
            end

            -- err_actual must be (convertible to) a string
********0   if util.hastostring(err_actual) or
********0      type(err_actual) == "number" or
********0      type(err_actual) == "boolean" then
********0     err_actual = tostring(err_actual)
********0     retargs[1] = err_actual
            end
********0   if type(err_actual) == 'string' then
              local ok
              local retargs_ok
********0     if plain then
********0       retargs_ok = { pattern }
********0       ok = (err_actual:find(pattern, init, plain) ~= nil)
              else
********0       retargs_ok = { err_actual:match(pattern, init) }
********0       ok = (retargs_ok[1] ~= nil)
              end
********0     if ok then retargs = retargs_ok end
********0     return ok, retargs
            end

********0   return false, retargs
          end

          local function is_true(state, arguments, level)
       19   util.tinsert(arguments, 2, true)
       19   set_failure_message(state, arguments[3])
       19   return arguments[1] == arguments[2]
          end

          local function is_false(state, arguments, level)
        8   util.tinsert(arguments, 2, false)
        8   set_failure_message(state, arguments[3])
        8   return arguments[1] == arguments[2]
          end

          local function is_type(state, arguments, level, etype)
        8   util.tinsert(arguments, 2, "type " .. etype)
        8   arguments.nofmt = arguments.nofmt or {}
        8   arguments.nofmt[2] = true
        8   set_failure_message(state, arguments[3])
        8   return arguments.n > 1 and type(arguments[1]) == etype
          end

          local function returned_arguments(state, arguments, level)
********0   arguments[1] = tostring(arguments[1])
********0   arguments[2] = tostring(arguments.n - 1)
********0   arguments.nofmt = arguments.nofmt or {}
********0   arguments.nofmt[1] = true
********0   arguments.nofmt[2] = true
********0   if arguments.n < 2 then arguments.n = 2 end
********0   return arguments[1] == arguments[2]
          end

          local function set_message(state, arguments, level)
********0   state.failure_message = arguments[1]
          end

********0 local function is_boolean(state, arguments, level)  return is_type(state, arguments, level, "boolean")  end
********0 local function is_number(state, arguments, level)   return is_type(state, arguments, level, "number")   end
********0 local function is_string(state, arguments, level)   return is_type(state, arguments, level, "string")   end
********0 local function is_table(state, arguments, level)    return is_type(state, arguments, level, "table")    end
        8 local function is_nil(state, arguments, level)      return is_type(state, arguments, level, "nil")      end
********0 local function is_userdata(state, arguments, level) return is_type(state, arguments, level, "userdata") end
********0 local function is_function(state, arguments, level) return is_type(state, arguments, level, "function") end
********0 local function is_thread(state, arguments, level)   return is_type(state, arguments, level, "thread")   end

********0 assert:register("modifier", "message", set_message)
********0 assert:register("assertion", "true", is_true, "assertion.same.positive", "assertion.same.negative")
********0 assert:register("assertion", "false", is_false, "assertion.same.positive", "assertion.same.negative")
********0 assert:register("assertion", "boolean", is_boolean, "assertion.same.positive", "assertion.same.negative")
********0 assert:register("assertion", "number", is_number, "assertion.same.positive", "assertion.same.negative")
********0 assert:register("assertion", "string", is_string, "assertion.same.positive", "assertion.same.negative")
********0 assert:register("assertion", "table", is_table, "assertion.same.positive", "assertion.same.negative")
********0 assert:register("assertion", "nil", is_nil, "assertion.same.positive", "assertion.same.negative")
********0 assert:register("assertion", "userdata", is_userdata, "assertion.same.positive", "assertion.same.negative")
********0 assert:register("assertion", "function", is_function, "assertion.same.positive", "assertion.same.negative")
********0 assert:register("assertion", "thread", is_thread, "assertion.same.positive", "assertion.same.negative")
********0 assert:register("assertion", "returned_arguments", returned_arguments, "assertion.returned_arguments.positive", "assertion.returned_arguments.negative")

********0 assert:register("assertion", "same", same, "assertion.same.positive", "assertion.same.negative")
********0 assert:register("assertion", "matches", matches, "assertion.matches.positive", "assertion.matches.negative")
********0 assert:register("assertion", "match", matches, "assertion.matches.positive", "assertion.matches.negative")
********0 assert:register("assertion", "near", near, "assertion.near.positive", "assertion.near.negative")
********0 assert:register("assertion", "equals", equals, "assertion.equals.positive", "assertion.equals.negative")
********0 assert:register("assertion", "equal", equals, "assertion.equals.positive", "assertion.equals.negative")
********0 assert:register("assertion", "unique", unique, "assertion.unique.positive", "assertion.unique.negative")
********0 assert:register("assertion", "error", has_error, "assertion.error.positive", "assertion.error.negative")
********0 assert:register("assertion", "errors", has_error, "assertion.error.positive", "assertion.error.negative")
********0 assert:register("assertion", "error_matches", error_matches, "assertion.error.positive", "assertion.error.negative")
********0 assert:register("assertion", "error_match", error_matches, "assertion.error.positive", "assertion.error.negative")
********0 assert:register("assertion", "matches_error", error_matches, "assertion.error.positive", "assertion.error.negative")
********0 assert:register("assertion", "match_error", error_matches, "assertion.error.positive", "assertion.error.negative")
********0 assert:register("assertion", "truthy", truthy, "assertion.truthy.positive", "assertion.truthy.negative")
********0 assert:register("assertion", "falsy", falsy, "assertion.falsy.positive", "assertion.falsy.negative")

==============================================================================
/home/tiago/work/lua/lua-gdpr-iab-tcfv2/.rocks/share/lua/5.1/luassert/modifiers.lua
==============================================================================
          -- module will not return anything, only register assertions/modifiers with the main assert engine
********0 local assert = require('luassert.assert')

          local function is(state)
     1582   return state
          end

          local function is_not(state)
        3   state.mod = not state.mod
        3   return state
          end

********0 assert:register("modifier", "is", is)
********0 assert:register("modifier", "are", is)
********0 assert:register("modifier", "was", is)
********0 assert:register("modifier", "has", is)
********0 assert:register("modifier", "does", is)
********0 assert:register("modifier", "not", is_not)
********0 assert:register("modifier", "no", is_not)

==============================================================================
/home/tiago/work/lua/lua-gdpr-iab-tcfv2/.rocks/share/lua/5.1/luassert/state.lua
==============================================================================
          -- maintains a state of the assert engine in a linked-list fashion
          -- records; formatters, parameters, spies and stubs

********0 local state_mt = {
            __call = function(self)
********0     self:revert()
            end
          }

********0 local spies_mt = { __mode = "kv" }

********0 local nilvalue = {} -- unique ID to refer to nil values for parameters

          -- will hold the current state
          local current

          -- exported module table
********0 local state = {}

          ------------------------------------------------------
          -- Reverts to a (specific) snapshot.
          -- @param self (optional) the snapshot to revert to. If not provided, it will revert to the last snapshot.
          state.revert = function(self)
********0   if not self then
              -- no snapshot given, so move 1 up
********0     self = current
********0     if not self.previous then
                -- top of list, no previous one, nothing to do
********0       return
              end
            end
********0   if getmetatable(self) ~= state_mt then error("Value provided is not a valid snapshot", 2) end

********0   if self.next then
********0     self.next:revert()
            end
            -- revert formatters in 'last'
********0   self.formatters = {}
            -- revert parameters in 'last'
********0   self.parameters = {}
            -- revert spies/stubs in 'last'
********0   for s,_ in pairs(self.spies) do
********0     self.spies[s] = nil
********0     s:revert()
            end
********0   setmetatable(self, nil) -- invalidate as a snapshot
********0   current = self.previous
********0   current.next = nil
          end

          ------------------------------------------------------
          -- Creates a new snapshot.
          -- @return snapshot table
          state.snapshot = function()
********0   local new = setmetatable ({
              formatters = {},
              parameters = {},
              spies = setmetatable({}, spies_mt),
              previous = current,
              revert = state.revert,
********0   }, state_mt)
********0   if current then current.next = new end
********0   current = new
********0   return current
          end


          --  FORMATTERS
          state.add_formatter = function(callback)
********0   table.insert(current.formatters, 1, callback)
          end

          state.remove_formatter = function(callback, s)
********0   s = s or current
********0   for i, v in ipairs(s.formatters) do
********0     if v == callback then
********0       table.remove(s.formatters, i)
                break
              end
            end
            -- wasn't found, so traverse up 1 state
********0   if s.previous then
********0     state.remove_formatter(callback, s.previous)
            end
          end

          state.format_argument = function(val, s, fmtargs)
********0   s = s or current
********0   for _, fmt in ipairs(s.formatters) do
********0     local valfmt = fmt(val, fmtargs)
********0     if valfmt ~= nil then return valfmt end
            end
            -- nothing found, check snapshot 1 up in list
********0   if s.previous then
********0     return state.format_argument(val, s.previous, fmtargs)
            end
********0   return nil -- end of list, couldn't format
          end


          --  PARAMETERS
          state.set_parameter = function(name, value)
        3   if value == nil then value = nilvalue end
        3   current.parameters[name] = value
          end

          state.get_parameter = function(name, s)
********0   s = s or current
********0   local val = s.parameters[name]
********0   if val == nil and s.previous then
              -- not found, so check 1 up in list
********0     return state.get_parameter(name, s.previous)
            end
********0   if val ~= nilvalue then
********0     return val
            end
********0   return nil
          end

          --  SPIES / STUBS
          state.add_spy = function(spy)
********0   current.spies[spy] = true
          end

********0 state.snapshot()  -- create initial state

********0 return state

==============================================================================
/home/tiago/work/lua/lua-gdpr-iab-tcfv2/.rocks/share/lua/5.1/luassert/util.lua
==============================================================================
********0 local util = {}
********0 local arglist_mt = {}

          -- have pack/unpack both respect the 'n' field
********0 local _unpack = table.unpack or unpack
********0 local unpack = function(t, i, j) return _unpack(t, i or 1, j or t.n or #t) end
********0 local pack = function(...) return { n = select("#", ...), ... } end
********0 util.pack = pack
********0 util.unpack = unpack


********0 function util.deepcompare(t1,t2,ignore_mt,cycles,thresh1,thresh2)
********0   local ty1 = type(t1)
********0   local ty2 = type(t2)
            -- non-table types can be directly compared
********0   if ty1 ~= 'table' or ty2 ~= 'table' then return t1 == t2 end
********0   local mt1 = debug.getmetatable(t1)
********0   local mt2 = debug.getmetatable(t2)
            -- would equality be determined by metatable __eq?
********0   if mt1 and mt1 == mt2 and mt1.__eq then
              -- then use that unless asked not to
********0     if not ignore_mt then return t1 == t2 end
            else -- we can skip the deep comparison below if t1 and t2 share identity
********0     if rawequal(t1, t2) then return true end
            end

            -- handle recursive tables
********0   cycles = cycles or {{},{}}
********0   thresh1, thresh2 = (thresh1 or 1), (thresh2 or 1)
********0   cycles[1][t1] = (cycles[1][t1] or 0)
********0   cycles[2][t2] = (cycles[2][t2] or 0)
********0   if cycles[1][t1] == 1 or cycles[2][t2] == 1 then
********0     thresh1 = cycles[1][t1] + 1
********0     thresh2 = cycles[2][t2] + 1
            end
********0   if cycles[1][t1] > thresh1 and cycles[2][t2] > thresh2 then
********0     return true
            end

********0   cycles[1][t1] = cycles[1][t1] + 1
********0   cycles[2][t2] = cycles[2][t2] + 1

********0   for k1,v1 in next, t1 do
********0     local v2 = t2[k1]
********0     if v2 == nil then
********0       return false, {k1}
              end

********0     local same, crumbs = util.deepcompare(v1,v2,nil,cycles,thresh1,thresh2)
********0     if not same then
********0       crumbs = crumbs or {}
********0       table.insert(crumbs, k1)
********0       return false, crumbs
              end
            end
********0   for k2,_ in next, t2 do
              -- only check whether each element has a t1 counterpart, actual comparison
              -- has been done in first loop above
********0     if t1[k2] == nil then return false, {k2} end
            end

********0   cycles[1][t1] = cycles[1][t1] - 1
********0   cycles[2][t2] = cycles[2][t2] - 1

********0   return true
          end

********0 function util.shallowcopy(t)
********0   if type(t) ~= "table" then return t end
********0   local copy = {}
********0   setmetatable(copy, getmetatable(t))
********0   for k,v in next, t do
********0     copy[k] = v
            end
********0   return copy
          end

********0 function util.deepcopy(t, deepmt, cache)
********0   local spy = require 'luassert.spy'
********0   if type(t) ~= "table" then return t end
********0   local copy = {}

            -- handle recursive tables
********0   local cache = cache or {}
********0   if cache[t] then return cache[t] end
********0   cache[t] = copy

********0   for k,v in next, t do
********0     copy[k] = (spy.is_spy(v) and v or util.deepcopy(v, deepmt, cache))
            end
********0   if deepmt then
********0     debug.setmetatable(copy, util.deepcopy(debug.getmetatable(t), false, cache))
            else
********0     debug.setmetatable(copy, debug.getmetatable(t))
            end
********0   return copy
          end

          -----------------------------------------------
          -- Copies arguments as a list of arguments
          -- @param args the arguments of which to copy
          -- @return the copy of the arguments
********0 function util.copyargs(args)
********0   local copy = {}
********0   setmetatable(copy, getmetatable(args))
********0   local match = require 'luassert.match'
********0   local spy = require 'luassert.spy'
********0   for k,v in pairs(args) do
********0     copy[k] = ((match.is_matcher(v) or spy.is_spy(v)) and v or util.deepcopy(v))
            end
********0   return { vals = copy, refs = util.shallowcopy(args) }
          end

          -----------------------------------------------
          -- Clear an arguments or return values list from a table
          -- @param arglist the table to clear of arguments or return values and their count
          -- @return No return values
********0 function util.cleararglist(arglist)
********0   for idx = arglist.n, 1, -1 do
********0     util.tremove(arglist, idx)
            end
********0   arglist.n = nil
          end

          -----------------------------------------------
          -- Test specs against an arglist in deepcopy and refs flavours.
          -- @param args deepcopy arglist
          -- @param argsrefs refs arglist
          -- @param specs arguments/return values to match against args/argsrefs
          -- @return true if specs match args/argsrefs, false otherwise
          local function matcharg(args, argrefs, specs)
********0   local match = require 'luassert.match'
********0   for idx, argval in pairs(args) do
********0     local spec = specs[idx]
********0     if match.is_matcher(spec) then
********0       if match.is_ref_matcher(spec) then
********0         argval = argrefs[idx]
                end
********0       if not spec(argval) then
********0         return false
                end
********0     elseif (spec == nil or not util.deepcompare(argval, spec)) then
********0       return false
              end
            end

********0   for idx, spec in pairs(specs) do
              -- only check whether each element has an args counterpart,
              -- actual comparison has been done in first loop above
********0     local argval = args[idx]
********0     if argval == nil then
                -- no args counterpart, so try to compare using matcher
********0       if match.is_matcher(spec) then
********0         if not spec(argval) then
********0           return false
                  end
                else
********0         return false
                end
              end
            end
********0   return true
          end

          -----------------------------------------------
          -- Find matching arguments/return values in a saved list of
          -- arguments/returned values.
          -- @param invocations_list list of arguments/returned values to search (list of lists)
          -- @param specs arguments/return values to match against argslist
          -- @return the last matching arguments/returned values if a match is found, otherwise nil
********0 function util.matchargs(invocations_list, specs)
            -- Search the arguments/returned values last to first to give the
            -- most helpful answer possible. In the cases where you can place
            -- your assertions between calls to check this gives you the best
            -- information if no calls match. In the cases where you can't do
            -- that there is no good way to predict what would work best.
********0   assert(not util.is_arglist(invocations_list), "expected a list of arglist-object, got an arglist")
********0   for ii = #invocations_list, 1, -1 do
********0     local val = invocations_list[ii]
********0     if matcharg(val.vals, val.refs, specs) then
********0       return val
              end
            end
********0   return nil
          end

          -----------------------------------------------
          -- Find matching oncall for an actual call.
          -- @param oncalls list of oncalls to search
          -- @param args actual call argslist to match against
          -- @return the first matching oncall if a match is found, otherwise nil
********0 function util.matchoncalls(oncalls, args)
********0   for _, callspecs in ipairs(oncalls) do
              -- This lookup is done immediately on *args* passing into the stub
              -- so pass *args* as both *args* and *argsref* without copying
              -- either.
********0     if matcharg(args, args, callspecs.vals) then
********0       return callspecs
              end
            end
********0   return nil
          end

          -----------------------------------------------
          -- table.insert() replacement that respects nil values.
          -- The function will use table field 'n' as indicator of the
          -- table length, if not set, it will be added.
          -- @param t table into which to insert
          -- @param pos (optional) position in table where to insert. NOTE: not optional if you want to insert a nil-value!
          -- @param val value to insert
          -- @return No return values
********0 function util.tinsert(...)
            -- check optional POS value
     1582   local args = {...}
     1582   local c = select('#',...)
     1582   local t = args[1]
     1582   local pos = args[2]
     1582   local val = args[3]
     1582   if c < 3 then
********0     val = pos
********0     pos = nil
            end
            -- set length indicator n if not present (+1)
     1582   t.n = (t.n or #t) + 1
     1582   if not pos then
********0     pos = t.n
     1582   elseif pos > t.n then
              -- out of our range
********0     t[pos] = val
********0     t.n = pos
            end
            -- shift everything up 1 pos
     4639   for i = t.n, pos + 1, -1 do
     3057     t[i]=t[i-1]
            end
            -- add element to be inserted
     1582   t[pos] = val
          end
          -----------------------------------------------
          -- table.remove() replacement that respects nil values.
          -- The function will use table field 'n' as indicator of the
          -- table length, if not set, it will be added.
          -- @param t table from which to remove
          -- @param pos (optional) position in table to remove
          -- @return No return values
********0 function util.tremove(t, pos)
            -- set length indicator n if not present (+1)
     1547   t.n = t.n or #t
     1547   if not pos then
********0     pos = t.n
     1547   elseif pos > t.n then
********0     local removed = t[pos]
              -- out of our range
********0     t[pos] = nil
********0     return removed
            end
     1547   local removed = t[pos]
            -- shift everything up 1 pos
     4596   for i = pos, t.n do
     3049     t[i]=t[i+1]
            end
            -- set size, clean last
     1547   t[t.n] = nil
     1547   t.n = t.n - 1
     1547   return removed
          end

          -----------------------------------------------
          -- Checks an element to be callable.
          -- The type must either be a function or have a metatable
          -- containing an '__call' function.
          -- @param object element to inspect on being callable or not
          -- @return boolean, true if the object is callable
********0 function util.callable(object)
********0   return type(object) == "function" or type((debug.getmetatable(object) or {}).__call) == "function"
          end

          -----------------------------------------------
          -- Checks an element has tostring.
          -- The type must either be a string or have a metatable
          -- containing an '__tostring' function.
          -- @param object element to inspect on having tostring or not
          -- @return boolean, true if the object has tostring
********0 function util.hastostring(object)
********0   return type(object) == "string" or type((debug.getmetatable(object) or {}).__tostring) == "function"
          end

          -----------------------------------------------
          -- Find the first level, not defined in the same file as the caller's
          -- code file to properly report an error.
          -- @param level the level to use as the caller's source file
          -- @return number, the level of which to report an error
********0 function util.errorlevel(level)
     1582   local level = (level or 1) + 1 -- add one to get level of the caller
     1582   local info = debug.getinfo(level)
     1582   local source = (info or {}).source
     1582   local file = source
     3164   while file and (file == source or source == "=(tail call)") do
     1582     level = level + 1
     1582     info = debug.getinfo(level)
     1582     source = (info or {}).source
            end
     1582   if level > 1 then level = level - 1 end -- deduct call to errorlevel() itself
     1582   return level
          end

          -----------------------------------------------
          -- Extract modifier and namespace keys from list of tokens.
          -- @param nspace the namespace from which to match tokens
          -- @param tokens list of tokens to search for keys
          -- @return table, list of keys that were extracted
********0 function util.extract_keys(nspace, tokens)
     1582   local namespace = require 'luassert.namespaces'

            -- find valid keys by coalescing tokens as needed, starting from the end
     1582   local keys = {}
     1582   local key = nil
     1582   local i = #tokens
     4749   while i > 0 do
     3167     local token = tokens[i]
     3167     key = key and (token .. '_' .. key) or token

              -- find longest matching key in the given namespace
     3167     local longkey = i > 1 and (tokens[i-1] .. '_' .. key) or nil
     3167     while i > 1 and longkey and namespace[nspace][longkey] do
********0       key = longkey
********0       i = i - 1
********0       token = tokens[i]
********0       longkey = (token .. '_' .. key)
              end

     3167     if namespace.modifier[key] or namespace[nspace][key] then
     3167       table.insert(keys, 1, key)
     3167       key = nil
              end
     3167     i = i - 1
            end

            -- if there's anything left we didn't recognize it
     1582   if key then
********0     error("luassert: unknown modifier/" .. nspace .. ": '" .. key .."'", util.errorlevel(2))
            end

     1582   return keys
          end

          -----------------------------------------------
          -- store argument list for return values of a function in a table.
          -- The table will get a metatable to identify it as an arglist
********0 function util.make_arglist(...)
     1582   local arglist = { ... }
     1582   arglist.n = select('#', ...) -- add values count for trailing nils
     1582   return setmetatable(arglist, arglist_mt)
          end

          -----------------------------------------------
          -- check a table to be an arglist type.
********0 function util.is_arglist(object)
********0   return getmetatable(object) == arglist_mt
          end

********0 return util

==============================================================================
/home/tiago/work/lua/lua-gdpr-iab-tcfv2/.rocks/share/lua/5.1/mediator.lua
==============================================================================
          local function getUniqueId(obj)
      102   return tonumber(tostring(obj):match(':%s*[0xX]*(%x+)'), 16)
          end

          local function Subscriber(fn, options)
      102   local sub = {
      102     options = options or {},
      102     fn = fn,
      102     channel = nil,
              update = function(self, options)
********0       if options then
********0         self.fn = options.fn or self.fn
********0         self.options = options.options or self.options
                end
              end
            }
      102   sub.id = getUniqueId(sub)
      102   return sub
          end

          -- Channel class and functions --

          local function Channel(namespace, parent)
       75   return {
       75     stopped = false,
       75     namespace = namespace,
       75     callbacks = {},
       75     channels = {},
       75     parent = parent,

              addSubscriber = function(self, fn, options)
      102       local callback = Subscriber(fn, options)
      102       local priority = (#self.callbacks + 1)

      102       options = options or {}

      102       if options.priority and
       69         options.priority >= 0 and
       69         options.priority < priority
                then
       54           priority = options.priority
                end

      102       table.insert(self.callbacks, priority, callback)

      102       return callback
              end,

              getSubscriber = function(self, id)
********0       for i=1, #self.callbacks do
********0         local callback = self.callbacks[i]
********0         if callback.id == id then return { index = i, value = callback } end
                end
                local sub
********0       for _, channel in pairs(self.channels) do
********0         sub = channel:getSubscriber(id)
********0         if sub then break end
                end
********0       return sub
              end,

              setPriority = function(self, id, priority)
********0       local callback = self:getSubscriber(id)

********0       if callback.value then
********0         table.remove(self.callbacks, callback.index)
********0         table.insert(self.callbacks, priority, callback.value)
                end
              end,

              addChannel = function(self, namespace)
       75       self.channels[namespace] = Channel(namespace, self)
       75       return self.channels[namespace]
              end,

              hasChannel = function(self, namespace)
********0       return namespace and self.channels[namespace] and true
              end,

              getChannel = function(self, namespace)
      548       return self.channels[namespace] or self:addChannel(namespace)
              end,

              removeSubscriber = function(self, id)
********0       local callback = self:getSubscriber(id)

********0       if callback and callback.value then
********0         for _, channel in pairs(self.channels) do
********0           channel:removeSubscriber(id)
                  end

********0         return table.remove(self.callbacks, callback.index)
                end
              end,

              publish = function(self, result, ...)
      755       for i = 1, #self.callbacks do
      386         local callback = self.callbacks[i]

                  -- if it doesn't have a predicate, or it does and it's true then run it
      386         if not callback.options.predicate or callback.options.predicate(...) then
                     -- just take the first result and insert it into the result table
      386           local value, continue = callback.fn(...)

      386           if value then table.insert(result, value) end
      386           if not continue then return result end
                  end
                end

      369       if parent then
      245         return parent:publish(result, ...)
                else
      124         return result
                end
              end
       75   }
          end

          -- Mediator class and functions --

********0 local Mediator = setmetatable(
          {
            Channel = Channel,
********0   Subscriber = Subscriber
          },
          {
            __call = function (fn, options)
********0     return {
                channel = Channel('root'),

                getChannel = function(self, channelNamespace)
      283         local channel = self.channel

      831         for i=1, #channelNamespace do
      548           channel = channel:getChannel(channelNamespace[i])
                  end

      283         return channel
                end,

                subscribe = function(self, channelNamespace, fn, options)
      102         return self:getChannel(channelNamespace):addSubscriber(fn, options)
                end,

                getSubscriber = function(self, id, channelNamespace)
********0         return self:getChannel(channelNamespace):getSubscriber(id)
                end,

                removeSubscriber = function(self, id, channelNamespace)
********0         return self:getChannel(channelNamespace):removeSubscriber(id)
                end,

                publish = function(self, channelNamespace, ...)
      181         return self:getChannel(channelNamespace):publish({}, ...)
                end
              }
            end
          })
********0 return Mediator

==============================================================================
/home/tiago/work/lua/lua-gdpr-iab-tcfv2/.rocks/share/lua/5.1/pl/List.lua
==============================================================================
          --- Python-style list class.
          --
          -- **Please Note**: methods that change the list will return the list.
          -- This is to allow for method chaining, but please note that `ls = ls:sort()`
          -- does not mean that a new copy of the list is made. In-place (mutable) methods
          -- are marked as returning 'the list' in this documentation.
          --
          -- See the Guide for further @{02-arrays.md.Python_style_Lists|discussion}
          --
          -- See <a href="http://www.python.org/doc/current/tut/tut.html">http://www.python.org/doc/current/tut/tut.html</a>, section 5.1
          --
          -- **Note**: The comments before some of the functions are from the Python docs
          -- and contain Python code.
          --
          -- Written for Lua version Nick Trout 4.0; Redone for Lua 5.1, Steve Donovan.
          --
          -- Dependencies: `pl.utils`, `pl.tablex`, `pl.class`
          -- @classmod pl.List
          -- @pragma nostrip

        3 local tinsert,tremove,concat,tsort = table.insert,table.remove,table.concat,table.sort
        3 local setmetatable, getmetatable,type,tostring,string = setmetatable,getmetatable,type,tostring,string
        3 local tablex = require 'pl.tablex'
        3 local filter,imap,imap2,reduce,transform,tremovevalues = tablex.filter,tablex.imap,tablex.imap2,tablex.reduce,tablex.transform,tablex.removevalues
        3 local tsub = tablex.sub
        3 local utils = require 'pl.utils'
        3 local class = require 'pl.class'

        3 local array_tostring,split,assert_arg,function_arg = utils.array_tostring,utils.split,utils.assert_arg,utils.function_arg
        3 local normalize_slice = tablex._normalize_slice

          -- metatable for our list and map objects has already been defined..
        3 local Multimap = utils.stdmt.MultiMap
        3 local List = utils.stdmt.List

          local iter

        3 class(nil,nil,List)

          -- we want the result to be _covariant_, i.e. t must have type of obj if possible
          local function makelist (t,obj)
********0     local klass = List
********0     if obj then
********0         klass = getmetatable(obj)
              end
********0     return setmetatable(t,klass)
          end

          local function simple_table(t)
********0     return type(t) == 'table' and not getmetatable(t) and #t > 0
          end

        3 function List._create (src)
********0     if simple_table(src) then return src end
          end

        3 function List:_init (src)
********0     if self == src then return end -- existing table used as self!
********0     if src then
********0         for v in iter(src) do
********0             tinsert(self,v)
                  end
              end
          end

          --- Create a new list. Can optionally pass a table;
          -- passing another instance of List will cause a copy to be created;
          -- this will return a plain table with an appropriate metatable.
          -- we pass anything which isn't a simple table to iterate() to work out
          -- an appropriate iterator
          -- @see List.iterate
          -- @param[opt] t An optional list-like table
          -- @return a new List
          -- @usage ls = List();  ls = List {1,2,3,4}
          -- @function List.new

        3 List.new = List

          --- Make a copy of an existing list.
          -- The difference from a plain 'copy constructor' is that this returns
          -- the actual List subtype.
        3 function List:clone()
********0     local ls = makelist({},self)
********0     ls:extend(self)
********0     return ls
          end

          --- Add an item to the end of the list.
          -- @param i An item
          -- @return the list
        3 function List:append(i)
********0     tinsert(self,i)
********0     return self
          end

        3 List.push = tinsert

          --- Extend the list by appending all the items in the given list.
          -- equivalent to 'a[len(a):] = L'.
          -- @tparam List L Another List
          -- @return the list
        3 function List:extend(L)
********0     assert_arg(1,L,'table')
********0     for i = 1,#L do tinsert(self,L[i]) end
********0     return self
          end

          --- Insert an item at a given position. i is the index of the
          -- element before which to insert.
          -- @int i index of element before whichh to insert
          -- @param x A data item
          -- @return the list
        3 function List:insert(i, x)
********0     assert_arg(1,i,'number')
********0     tinsert(self,i,x)
********0     return self
          end

          --- Insert an item at the beginning of the list.
          -- @param x a data item
          -- @return the list
        3 function List:put (x)
********0     return self:insert(1,x)
          end

          --- Remove an element given its index.
          -- (equivalent of Python's del s[i])
          -- @int i the index
          -- @return the list
        3 function List:remove (i)
********0     assert_arg(1,i,'number')
********0     tremove(self,i)
********0     return self
          end

          --- Remove the first item from the list whose value is given.
          -- (This is called 'remove' in Python; renamed to avoid confusion
          -- with table.remove)
          -- Return nil if there is no such item.
          -- @param x A data value
          -- @return the list
        3 function List:remove_value(x)
********0     for i=1,#self do
********0         if self[i]==x then tremove(self,i) return self end
              end
********0     return self
           end

          --- Remove the item at the given position in the list, and return it.
          -- If no index is specified, a:pop() returns the last item in the list.
          -- The item is also removed from the list.
          -- @int[opt] i An index
          -- @return the item
        3 function List:pop(i)
********0     if not i then i = #self end
********0     assert_arg(1,i,'number')
********0     return tremove(self,i)
          end

        3 List.get = List.pop

          --- Return the index in the list of the first item whose value is given.
          -- Return nil if there is no such item.
          -- @function List:index
          -- @param x A data value
          -- @int[opt=1] idx where to start search
          -- @return the index, or nil if not found.

        3 local tfind = tablex.find
        3 List.index = tfind

          --- Does this list contain the value?
          -- @param x A data value
          -- @return true or false
        3 function List:contains(x)
********0     return tfind(self,x) and true or false
          end

          --- Return the number of times value appears in the list.
          -- @param x A data value
          -- @return number of times x appears
        3 function List:count(x)
********0     local cnt=0
********0     for i=1,#self do
********0         if self[i]==x then cnt=cnt+1 end
              end
********0     return cnt
          end

          --- Sort the items of the list, in place.
          -- @func[opt='<'] cmp an optional comparison function
          -- @return the list
        3 function List:sort(cmp)
********0     if cmp then cmp = function_arg(1,cmp) end
********0     tsort(self,cmp)
********0     return self
          end

          --- Return a sorted copy of this list.
          -- @func[opt='<'] cmp an optional comparison function
          -- @return a new list
        3 function List:sorted(cmp)
********0     return List(self):sort(cmp)
          end

          --- Reverse the elements of the list, in place.
          -- @return the list
        3 function List:reverse()
********0     local t = self
********0     local n = #t
********0     for i = 1,n/2 do
********0         t[i],t[n] = t[n],t[i]
********0         n = n - 1
              end
********0     return self
          end

          --- Return the minimum and the maximum value of the list.
          -- @return minimum value
          -- @return maximum value
        3 function List:minmax()
********0     local vmin,vmax = 1e70,-1e70
********0     for i = 1,#self do
********0         local v = self[i]
********0         if v < vmin then vmin = v end
********0         if v > vmax then vmax = v end
              end
********0     return vmin,vmax
          end

          --- Emulate list slicing.  like  'list[first:last]' in Python.
          -- If first or last are negative then they are relative to the end of the list
          -- eg. slice(-2) gives last 2 entries in a list, and
          -- slice(-4,-2) gives from -4th to -2nd
          -- @param first An index
          -- @param last An index
          -- @return a new List
        3 function List:slice(first,last)
********0     return tsub(self,first,last)
          end

          --- Empty the list.
          -- @return the list
        3 function List:clear()
********0     for i=1,#self do tremove(self) end
********0     return self
          end

        3 local eps = 1.0e-10

          --- Emulate Python's range(x) function.
          -- Include it in List table for tidiness
          -- @int start A number
          -- @int[opt] finish A number greater than start; if absent,
          -- then start is 1 and finish is start
          -- @int[opt=1] incr an increment (may be less than 1)
          -- @return a List from start .. finish
          -- @usage List.range(0,3) == List{0,1,2,3}
          -- @usage List.range(4) = List{1,2,3,4}
          -- @usage List.range(5,1,-1) == List{5,4,3,2,1}
        3 function List.range(start,finish,incr)
********0     if not finish then
********0         finish = start
********0         start = 1
              end
********0     if incr then
********0     assert_arg(3,incr,'number')
********0     if math.ceil(incr) ~= incr then finish = finish + eps end
              else
********0         incr = 1
              end
********0     assert_arg(1,start,'number')
********0     assert_arg(2,finish,'number')
********0     local t = List()
********0     for i=start,finish,incr do tinsert(t,i) end
********0     return t
          end

          --- list:len() is the same as #list.
        3 function List:len()
********0     return #self
          end

          -- Extended operations --

          --- Remove a subrange of elements.
          -- equivalent to 'del s[i1:i2]' in Python.
          -- @int i1 start of range
          -- @int i2 end of range
          -- @return the list
        3 function List:chop(i1,i2)
********0     return tremovevalues(self,i1,i2)
          end

          --- Insert a sublist into a list
          -- equivalent to 's[idx:idx] = list' in Python
          -- @int idx index
          -- @tparam List list list to insert
          -- @return the list
          -- @usage  l = List{10,20}; l:splice(2,{21,22});  assert(l == List{10,21,22,20})
        3 function List:splice(idx,list)
********0     assert_arg(1,idx,'number')
********0     idx = idx - 1
********0     local i = 1
********0     for v in iter(list) do
********0         tinsert(self,i+idx,v)
********0         i = i + 1
              end
********0     return self
          end

          --- General slice assignment s[i1:i2] = seq.
          -- @int i1  start index
          -- @int i2  end index
          -- @tparam List seq a list
          -- @return the list
        3 function List:slice_assign(i1,i2,seq)
********0     assert_arg(1,i1,'number')
********0     assert_arg(1,i2,'number')
********0     i1,i2 = normalize_slice(self,i1,i2)
********0     if i2 >= i1 then self:chop(i1,i2) end
********0     self:splice(i1,seq)
********0     return self
          end

          --- Concatenation operator.
          -- @within metamethods
          -- @tparam List L another List
          -- @return a new list consisting of the list with the elements of the new list appended
        3 function List:__concat(L)
********0     assert_arg(1,L,'table')
********0     local ls = self:clone()
********0     ls:extend(L)
********0     return ls
          end

          --- Equality operator ==.  True iff all elements of two lists are equal.
          -- @within metamethods
          -- @tparam List L another List
          -- @return true or false
        3 function List:__eq(L)
********0     if #self ~= #L then return false end
********0     for i = 1,#self do
********0         if self[i] ~= L[i] then return false end
              end
********0     return true
          end

          --- Join the elements of a list using a delimiter.
          -- This method uses tostring on all elements.
          -- @string[opt=''] delim a delimiter string, can be empty.
          -- @return a string
        3 function List:join (delim)
********0     delim = delim or ''
********0     assert_arg(1,delim,'string')
********0     return concat(array_tostring(self),delim)
          end

          --- Join a list of strings. <br>
          -- Uses `table.concat` directly.
          -- @function List:concat
          -- @string[opt=''] delim a delimiter
          -- @return a string
        3 List.concat = concat

          local function tostring_q(val)
********0     local s = tostring(val)
********0     if type(val) == 'string' then
********0         s = '"'..s..'"'
              end
********0     return s
          end

          --- How our list should be rendered as a string. Uses join().
          -- @within metamethods
          -- @see List:join
        3 function List:__tostring()
********0     return '{'..self:join(',',tostring_q)..'}'
          end

          --- Call the function on each element of the list.
          -- @func fun a function or callable object
          -- @param ... optional values to pass to function
        3 function List:foreach (fun,...)
********0     fun = function_arg(1,fun)
********0     for i = 1,#self do
********0         fun(self[i],...)
              end
          end

          local function lookup_fun (obj,name)
********0     local f = obj[name]
********0     if not f then error(type(obj).." does not have method "..name,3) end
********0     return f
          end

          --- Call the named method on each element of the list.
          -- @string name the method name
          -- @param ... optional values to pass to function
        3 function List:foreachm (name,...)
********0     for i = 1,#self do
********0         local obj = self[i]
********0         local f = lookup_fun(obj,name)
********0         f(obj,...)
              end
          end

          --- Create a list of all elements which match a function.
          -- @func fun a boolean function
          -- @param[opt] arg optional argument to be passed as second argument of the predicate
          -- @return a new filtered list.
        3 function List:filter (fun,arg)
********0     return makelist(filter(self,fun,arg),self)
          end

          --- Split a string using a delimiter.
          -- @string s the string
          -- @string[opt] delim the delimiter (default spaces)
          -- @return a List of strings
          -- @see pl.utils.split
        3 function List.split (s,delim)
********0     assert_arg(1,s,'string')
********0     return makelist(split(s,delim))
          end

          --- Apply a function to all elements.
          -- Any extra arguments will be passed to the function.
          -- @func fun a function of at least one argument
          -- @param ... arbitrary extra arguments.
          -- @return a new list: {f(x) for x in self}
          -- @usage List{'one','two'}:map(string.upper) == {'ONE','TWO'}
          -- @see pl.tablex.imap
        3 function List:map (fun,...)
********0     return makelist(imap(fun,self,...),self)
          end

          --- Apply a function to all elements, in-place.
          -- Any extra arguments are passed to the function.
          -- @func fun A function that takes at least one argument
          -- @param ... arbitrary extra arguments.
          -- @return the list.
        3 function List:transform (fun,...)
********0     transform(fun,self,...)
********0     return self
          end

          --- Apply a function to elements of two lists.
          -- Any extra arguments will be passed to the function
          -- @func fun a function of at least two arguments
          -- @tparam List ls another list
          -- @param ... arbitrary extra arguments.
          -- @return a new list: {f(x,y) for x in self, for x in arg1}
          -- @see pl.tablex.imap2
        3 function List:map2 (fun,ls,...)
********0     return makelist(imap2(fun,self,ls,...),self)
          end

          --- apply a named method to all elements.
          -- Any extra arguments will be passed to the method.
          -- @string name name of method
          -- @param ... extra arguments
          -- @return a new list of the results
          -- @see pl.seq.mapmethod
        3 function List:mapm (name,...)
********0     local res = {}
********0     for i = 1,#self do
********0       local val = self[i]
********0       local fn = lookup_fun(val,name)
********0       res[i] = fn(val,...)
              end
********0     return makelist(res,self)
          end

          local function composite_call (method,f)
              return function(self,...)
********0         return self[method](self,f,...)
              end
          end

        3 function List.default_map_with(T)
              return function(self,name)
                  local m
********0         if T then
********0             local f = lookup_fun(T,name)
********0             m = composite_call('map',f)
                  else
********0             m = composite_call('mapn',name)
                  end
********0         getmetatable(self)[name] = m -- and cache..
********0         return m
              end
          end

        3 List.default_map = List.default_map_with

          --- 'reduce' a list using a binary function.
          -- @func fun a function of two arguments
          -- @return result of the function
          -- @see pl.tablex.reduce
        3 function List:reduce (fun)
********0     return reduce(fun,self)
          end

          --- Partition a list using a classifier function.
          -- The function may return nil, but this will be converted to the string key '<nil>'.
          -- @func fun a function of at least one argument
          -- @param ... will also be passed to the function
          -- @treturn MultiMap a table where the keys are the returned values, and the values are Lists
          -- of values where the function returned that key.
          -- @see pl.MultiMap
        3 function List:partition (fun,...)
********0     fun = function_arg(1,fun)
********0     local res = {}
********0     for i = 1,#self do
********0         local val = self[i]
********0         local klass = fun(val,...)
********0         if klass == nil then klass = '<nil>' end
********0         if not res[klass] then res[klass] = List() end
********0         res[klass]:append(val)
              end
********0     return setmetatable(res,Multimap)
          end

          --- return an iterator over all values.
        3 function List:iter ()
********0     return iter(self)
          end

          --- Create an iterator over a sequence.
          -- This captures the Python concept of 'sequence'.
          -- For tables, iterates over all values with integer indices.
          -- @param seq a sequence; a string (over characters), a table, a file object (over lines) or an iterator function
          -- @usage for x in iterate {1,10,22,55} do io.write(x,',') end ==> 1,10,22,55
          -- @usage for ch in iterate 'help' do do io.write(ch,' ') end ==> h e l p
        3 function List.iterate(seq)
********0     if type(seq) == 'string' then
********0         local idx = 0
********0         local n = #seq
********0         local sub = string.sub
                  return function ()
********0             idx = idx + 1
********0             if idx > n then return nil
                      else
********0                 return sub(seq,idx,idx)
                      end
                  end
********0     elseif type(seq) == 'table' then
********0         local idx = 0
********0         local n = #seq
                  return function()
********0             idx = idx + 1
********0             if idx > n then return nil
                      else
********0                 return seq[idx]
                      end
                  end
********0     elseif type(seq) == 'function' then
********0         return seq
********0     elseif type(seq) == 'userdata' and io.type(seq) == 'file' then
********0         return seq:lines()
              end
          end
        3 iter = List.iterate

        3 return List


==============================================================================
/home/tiago/work/lua/lua-gdpr-iab-tcfv2/.rocks/share/lua/5.1/pl/class.lua
==============================================================================
          --- Provides a reusable and convenient framework for creating classes in Lua.
          -- Two possible notations:
          --
          --    B = class(A)
          --    class.B(A)
          --
          -- The latter form creates a named class within the current environment. Note
          -- that this implicitly brings in `pl.utils` as a dependency.
          --
          -- See the Guide for further @{01-introduction.md.Simplifying_Object_Oriented_Programming_in_Lua|discussion}
          -- @module pl.class

          local error, getmetatable, io, pairs, rawget, rawset, setmetatable, tostring, type =
********0     _G.error, _G.getmetatable, _G.io, _G.pairs, _G.rawget, _G.rawset, _G.setmetatable, _G.tostring, _G.type
          local compat

          -- this trickery is necessary to prevent the inheritance of 'super' and
          -- the resulting recursive call problems.
          local function call_ctor (c,obj,...)
********0     local init = rawget(c,'_init')
********0     local parent_with_init = rawget(c,'_parent_with_init')

********0     if parent_with_init then
********0         if not init then -- inheriting an init
********0             init = rawget(parent_with_init, '_init')
********0             parent_with_init = rawget(parent_with_init, '_parent_with_init')
                  end
********0         if parent_with_init then -- super() points to one above wherever _init came from
********0             rawset(obj,'super',function(obj,...)
********0                 call_ctor(parent_with_init,obj,...)
                      end)
                  end
              else
                  -- Without this, calling super() where none exists will sometimes loop and stack overflow
********0         rawset(obj,'super',nil)
              end

********0     local res = init(obj,...)
********0     if parent_with_init then -- If this execution of call_ctor set a super, unset it
********0         rawset(obj,'super',nil)
              end

********0     return res
          end

          --- initializes an __instance__ upon creation.
          -- @function class:_init
          -- @param ... parameters passed to the constructor
          -- @usage local Cat = class()
          -- function Cat:_init(name)
          --   --self:super(name)   -- call the ancestor initializer if needed
          --   self.name = name
          -- end
          --
          -- local pussycat = Cat("pussycat")
          -- print(pussycat.name)  --> pussycat

          --- checks whether an __instance__ is derived from some class.
          -- Works the other way around as `class_of`. It has two ways of using;
          -- 1) call with a class to check against, 2) call without params.
          -- @function instance:is_a
          -- @param some_class class to check against, or `nil` to return the class
          -- @return `true` if `instance` is derived from `some_class`, or if `some_class == nil` then
          -- it returns the class table of the instance
          -- @usage local pussycat = Lion()  -- assuming Lion derives from Cat
          -- if pussycat:is_a(Cat) then
          --   -- it's true, it is a Lion, but also a Cat
          -- end
          --
          -- if pussycat:is_a() == Lion then
          --   -- It's true
          -- end
          local function is_a(self,klass)
********0     if klass == nil then
                  -- no class provided, so return the class this instance is derived from
********0         return getmetatable(self)
              end
********0     local m = getmetatable(self)
********0     if not m then return false end --*can't be an object!
********0     while m do
********0         if m == klass then return true end
********0         m = rawget(m,'_base')
              end
********0     return false
          end

          --- checks whether an __instance__ is derived from some class.
          -- Works the other way around as `is_a`.
          -- @function some_class:class_of
          -- @param some_instance instance to check against
          -- @return `true` if `some_instance` is derived from `some_class`
          -- @usage local pussycat = Lion()  -- assuming Lion derives from Cat
          -- if Cat:class_of(pussycat) then
          --   -- it's true
          -- end
          local function class_of(klass,obj)
********0     if type(klass) ~= 'table' or not rawget(klass,'is_a') then return false end
********0     return klass.is_a(obj,klass)
          end

          --- cast an object to another class.
          -- It is not clever (or safe!) so use carefully.
          -- @param some_instance the object to be changed
          -- @function some_class:cast
          local function cast (klass, obj)
********0     return setmetatable(obj,klass)
          end


          local function _class_tostring (obj)
********0     local mt = obj._class
********0     local name = rawget(mt,'_name')
********0     setmetatable(obj,nil)
********0     local str = tostring(obj)
********0     setmetatable(obj,mt)
********0     if name then str = name ..str:gsub('table','') end
********0     return str
          end

          local function tupdate(td,ts,dont_override)
********0     for k,v in pairs(ts) do
********0         if not dont_override or td[k] == nil then
********0             td[k] = v
                  end
              end
          end

          local function _class(base,c_arg,c)
              -- the class `c` will be the metatable for all its objects,
              -- and they will look up their methods in it.
        3     local mt = {}   -- a metatable for the class to support __call and _handler
              -- can define class by passing it a plain table of methods
        3     local plain = type(base) == 'table' and not getmetatable(base)
        3     if plain then
********0         c = base
********0         base = c._base
              else
        3         c = c or {}
              end

        3     if type(base) == 'table' then
                  -- our new class is a shallow copy of the base class!
                  -- but be careful not to wipe out any methods we have been given at this point!
********0         tupdate(c,base,plain)
********0         c._base = base
                  -- inherit the 'not found' handler, if present
********0         if rawget(c,'_handler') then mt.__index = c._handler end
        3     elseif base ~= nil then
********0         error("must derive from a table type",3)
              end

        3     c.__index = c
        3     setmetatable(c,mt)
        3     if not plain then
        3         if base and rawget(base,'_init') then c._parent_with_init = base end -- For super and inherited init
        3         c._init = nil
              end

        3     if base and rawget(base,'_class_init') then
********0         base._class_init(c,c_arg)
              end

              -- expose a ctor which can be called by <classname>(<args>)
              mt.__call = function(class_tbl,...)
                  local obj
********0         if rawget(c,'_create') then obj = c._create(...) end
********0         if not obj then obj = {} end
********0         setmetatable(obj,c)

********0         if rawget(c,'_init') or rawget(c,'_parent_with_init') then -- constructor exists
********0             local res = call_ctor(c,obj,...)
********0             if res then -- _if_ a ctor returns a value, it becomes the object...
********0                 obj = res
********0                 setmetatable(obj,c)
                      end
                  end

********0         if base and rawget(base,'_post_init') then
********0             base._post_init(obj)
                  end

********0         return obj
              end
              -- Call Class.catch to set a handler for methods/properties not found in the class!
              c.catch = function(self, handler)
********0         if type(self) == "function" then
                      -- called using . instead of :
********0             handler = self
                  end
********0         c._handler = handler
********0         mt.__index = handler
              end
        3     c.is_a = is_a
        3     c.class_of = class_of
        3     c.cast = cast
        3     c._class = c

        3     if not rawget(c,'__tostring') then
        3         c.__tostring = _class_tostring
              end

        3     return c
          end

          --- create a new class, derived from a given base class.
          -- Supporting two class creation syntaxes:
          -- either `Name = class(base)` or `class.Name(base)`.
          -- The first form returns the class directly and does not set its `_name`.
          -- The second form creates a variable `Name` in the current environment set
          -- to the class, and also sets `_name`.
          -- @function class
          -- @param base optional base class
          -- @param c_arg optional parameter to class constructor
          -- @param c optional table to be used as class
          local class
********0 class = setmetatable({},{
              __call = function(fun,...)
        3         return _class(...)
              end,
              __index = function(tbl,key)
********0         if key == 'class' then
********0             io.stderr:write('require("pl.class").class is deprecated. Use require("pl.class")\n')
********0             return class
                  end
********0         compat = compat or require 'pl.compat'
********0         local env = compat.getfenv(2)
                  return function(...)
********0             local c = _class(...)
********0             c._name = key
********0             rawset(env,key,c)
********0             return c
                  end
              end
          })

********0 class.properties = class()

********0 function class.properties._class_init(klass)
              klass.__index = function(t,key)
                  -- normal class lookup!
********0         local v = klass[key]
********0         if v then return v end
                  -- is it a getter?
********0         v = rawget(klass,'get_'..key)
********0         if v then
********0             return v(t)
                  end
                  -- is it a field?
********0         return rawget(t,'_'..key)
              end
              klass.__newindex = function (t,key,value)
                  -- if there's a setter, use that, otherwise directly set table
********0         local p = 'set_'..key
********0         local setter = klass[p]
********0         if setter then
********0             setter(t,value)
                  else
********0             rawset(t,key,value)
                  end
              end
          end


********0 return class


==============================================================================
/home/tiago/work/lua/lua-gdpr-iab-tcfv2/.rocks/share/lua/5.1/pl/dir.lua
==============================================================================
          --- Listing files in directories and creating/removing directory paths.
          --
          -- Dependencies: `pl.utils`, `pl.path`
          --
          -- Soft Dependencies: `alien`, `ffi` (either are used on Windows for copying/moving files)
          -- @module pl.dir

        3 local utils = require 'pl.utils'
        3 local path = require 'pl.path'
        3 local is_windows = path.is_windows
        3 local ldir = path.dir
        3 local mkdir = path.mkdir
        3 local rmdir = path.rmdir
        3 local sub = string.sub
        3 local os,pcall,ipairs,pairs,require,setmetatable = os,pcall,ipairs,pairs,require,setmetatable
        3 local remove = os.remove
        3 local append = table.insert
        3 local assert_arg,assert_string,raise = utils.assert_arg,utils.assert_string,utils.raise

        3 local exists, isdir = path.exists, path.isdir
        3 local sep = path.sep

        3 local dir = {}

          local function makelist(l)
        3     return setmetatable(l, require('pl.List'))
          end

          local function assert_dir (n,val)
        3     assert_arg(n,val,'string',path.isdir,'not a directory',4)
          end

          local function filemask(mask)
       23     mask = utils.escape(path.normcase(mask))
       23     return '^'..mask:gsub('%%%*','.*'):gsub('%%%?','.')..'$'
          end

          --- Test whether a file name matches a shell pattern.
          -- Both parameters are case-normalized if operating system is
          -- case-insensitive.
          -- @string filename A file name.
          -- @string pattern A shell pattern. The only special characters are
          -- `'*'` and `'?'`: `'*'` matches any sequence of characters and
          -- `'?'` matches any single character.
          -- @treturn bool
          -- @raise dir and mask must be strings
        3 function dir.fnmatch(filename,pattern)
********0     assert_string(1,filename)
********0     assert_string(2,pattern)
********0     return path.normcase(filename):find(filemask(pattern)) ~= nil
          end

          --- Return a list of all file names within an array which match a pattern.
          -- @tab filenames An array containing file names.
          -- @string pattern A shell pattern (see `fnmatch`).
          -- @treturn List(string) List of matching file names.
          -- @raise dir and mask must be strings
        3 function dir.filter(filenames,pattern)
********0     assert_arg(1,filenames,'table')
********0     assert_string(2,pattern)
********0     local res = {}
********0     local mask = filemask(pattern)
********0     for i,f in ipairs(filenames) do
********0         if path.normcase(f):find(mask) then append(res,f) end
              end
********0     return makelist(res)
          end

          local function _listfiles(dirname,filemode,match)
********0     local res = {}
********0     local check = utils.choose(filemode,path.isfile,path.isdir)
********0     if not dirname then dirname = '.' end
********0     for f in ldir(dirname) do
********0         if f ~= '.' and f ~= '..' then
********0             local p = path.join(dirname,f)
********0             if check(p) and (not match or match(f)) then
********0                 append(res,p)
                      end
                  end
              end
********0     return makelist(res)
          end

          --- return a list of all files in a directory which match a shell pattern.
          -- @string[opt='.'] dirname A directory.
          -- @string[opt] mask A shell pattern (see `fnmatch`). If not given, all files are returned.
          -- @treturn {string} list of files
          -- @raise dirname and mask must be strings
        3 function dir.getfiles(dirname,mask)
********0     dirname = dirname or '.'
********0     assert_dir(1,dirname)
********0     if mask then assert_string(2,mask) end
              local match
********0     if mask then
********0         mask = filemask(mask)
                  match = function(f)
********0             return path.normcase(f):find(mask)
                  end
              end
********0     return _listfiles(dirname,true,match)
          end

          --- return a list of all subdirectories of the directory.
          -- @string[opt='.'] dirname A directory.
          -- @treturn {string} a list of directories
          -- @raise dir must be a valid directory
        3 function dir.getdirectories(dirname)
********0     dirname = dirname or '.'
********0     assert_dir(1,dirname)
********0     return _listfiles(dirname,false)
          end

          local alien,ffi,ffi_checked,CopyFile,MoveFile,GetLastError,win32_errors,cmd_tmpfile

          local function execute_command(cmd,parms)
********0    if not cmd_tmpfile then cmd_tmpfile = path.tmpname () end
********0    local err = path.is_windows and ' > ' or ' 2> '
********0     cmd = cmd..' '..parms..err..utils.quote_arg(cmd_tmpfile)
********0     local ret = utils.execute(cmd)
********0     if not ret then
********0         local err = (utils.readfile(cmd_tmpfile):gsub('\n(.*)',''))
********0         remove(cmd_tmpfile)
********0         return false,err
              else
********0         remove(cmd_tmpfile)
********0         return true
              end
          end

          local function find_ffi_copyfile ()
********0     if not ffi_checked then
********0         ffi_checked = true
                  local res
********0         res,alien = pcall(require,'alien')
********0         if not res then
********0             alien = nil
********0             res, ffi = pcall(require,'ffi')
                  end
********0         if not res then
********0             ffi = nil
********0             return
                  end
              else
********0         return
              end
********0     if alien then
                  -- register the Win32 CopyFile and MoveFile functions
********0         local kernel = alien.load('kernel32.dll')
********0         CopyFile = kernel.CopyFileA
********0         CopyFile:types{'string','string','int',ret='int',abi='stdcall'}
********0         MoveFile = kernel.MoveFileA
********0         MoveFile:types{'string','string',ret='int',abi='stdcall'}
********0         GetLastError = kernel.GetLastError
********0         GetLastError:types{ret ='int', abi='stdcall'}
********0     elseif ffi then
********0         ffi.cdef [[
                      int CopyFileA(const char *src, const char *dest, int iovr);
                      int MoveFileA(const char *src, const char *dest);
                      int GetLastError();
********0         ]]
********0         CopyFile = ffi.C.CopyFileA
********0         MoveFile = ffi.C.MoveFileA
********0         GetLastError = ffi.C.GetLastError
              end
********0     win32_errors = {
                  ERROR_FILE_NOT_FOUND    =         2,
                  ERROR_PATH_NOT_FOUND    =         3,
                  ERROR_ACCESS_DENIED    =          5,
                  ERROR_WRITE_PROTECT    =          19,
                  ERROR_BAD_UNIT         =          20,
                  ERROR_NOT_READY        =          21,
                  ERROR_WRITE_FAULT      =          29,
                  ERROR_READ_FAULT       =          30,
                  ERROR_SHARING_VIOLATION =         32,
                  ERROR_LOCK_VIOLATION    =         33,
                  ERROR_HANDLE_DISK_FULL  =         39,
                  ERROR_BAD_NETPATH       =         53,
                  ERROR_NETWORK_BUSY      =         54,
                  ERROR_DEV_NOT_EXIST     =         55,
                  ERROR_FILE_EXISTS       =         80,
                  ERROR_OPEN_FAILED       =         110,
                  ERROR_INVALID_NAME      =         123,
                  ERROR_BAD_PATHNAME      =         161,
                  ERROR_ALREADY_EXISTS    =         183,
              }
          end

          local function two_arguments (f1,f2)
********0     return utils.quote_arg(f1)..' '..utils.quote_arg(f2)
          end

          local function file_op (is_copy,src,dest,flag)
********0     if flag == 1 and path.exists(dest) then
********0         return false,"cannot overwrite destination"
              end
********0     if is_windows then
                  -- if we haven't tried to load Alien/LuaJIT FFI before, then do so
********0         find_ffi_copyfile()
                  -- fallback if there's no Alien, just use DOS commands *shudder*
                  -- 'rename' involves a copy and then deleting the source.
********0         if not CopyFile then
********0             if path.is_windows then
********0                 src = src:gsub("/","\\")
********0                 dest = dest:gsub("/","\\")
                      end
********0             local res, err = execute_command('copy',two_arguments(src,dest))
********0             if not res then return false,err end
********0             if not is_copy then
********0                 return execute_command('del',utils.quote_arg(src))
                      end
********0             return true
                  else
********0             if path.isdir(dest) then
********0                 dest = path.join(dest,path.basename(src))
                      end
                      local ret
********0             if is_copy then ret = CopyFile(src,dest,flag)
********0             else ret = MoveFile(src,dest) end
********0             if ret == 0 then
********0                 local err = GetLastError()
********0                 for name,value in pairs(win32_errors) do
********0                     if value == err then return false,name end
                          end
********0                 return false,"Error #"..err
********0             else return true
                      end
                  end
              else -- for Unix, just use cp for now
********0         return execute_command(is_copy and 'cp' or 'mv',
********0             two_arguments(src,dest))
              end
          end

          --- copy a file.
          -- @string src source file
          -- @string dest destination file or directory
          -- @bool flag true if you want to force the copy (default)
          -- @treturn bool operation succeeded
          -- @raise src and dest must be strings
        3 function dir.copyfile (src,dest,flag)
********0     assert_string(1,src)
********0     assert_string(2,dest)
********0     flag = flag==nil or flag
********0     return file_op(true,src,dest,flag and 0 or 1)
          end

          --- move a file.
          -- @string src source file
          -- @string dest destination file or directory
          -- @treturn bool operation succeeded
          -- @raise src and dest must be strings
        3 function dir.movefile (src,dest)
********0     assert_string(1,src)
********0     assert_string(2,dest)
********0     return file_op(false,src,dest,0)
          end

          local function _dirfiles(dirname,attrib)
********0     local dirs = {}
********0     local files = {}
********0     for f in ldir(dirname) do
********0         if f ~= '.' and f ~= '..' then
********0             local p = path.join(dirname,f)
********0             local mode = attrib(p,'mode')
********0             if mode=='directory' then
********0                 append(dirs,f)
                      else
********0                 append(files,f)
                      end
                  end
              end
********0     return makelist(dirs), makelist(files)
          end


          --- return an iterator which walks through a directory tree starting at root.
          -- The iterator returns (root,dirs,files)
          -- Note that dirs and files are lists of names (i.e. you must say path.join(root,d)
          -- to get the actual full path)
          -- If bottom_up is false (or not present), then the entries at the current level are returned
          -- before we go deeper. This means that you can modify the returned list of directories before
          -- continuing.
          -- This is a clone of os.walk from the Python libraries.
          -- @string root A starting directory
          -- @bool bottom_up False if we start listing entries immediately.
          -- @bool follow_links follow symbolic links
          -- @return an iterator returning root,dirs,files
          -- @raise root must be a directory
        3 function dir.walk(root,bottom_up,follow_links)
********0     assert_dir(1,root)
              local attrib
********0     if path.is_windows or not follow_links then
********0         attrib = path.attrib
              else
********0         attrib = path.link_attrib
              end

********0     local to_scan = { root }
********0     local to_return = {}
              local iter = function()
********0         while #to_scan > 0 do
********0             local current_root = table.remove(to_scan)
********0             local dirs,files = _dirfiles(current_root, attrib)
********0             for _, d in ipairs(dirs) do
********0                 table.insert(to_scan, current_root..path.sep..d)
                      end
********0             if not bottom_up then
********0                 return current_root, dirs, files
                      else
********0                 table.insert(to_return, { current_root, dirs, files })
                      end
                  end
********0         if #to_return > 0 then
********0             return utils.unpack(table.remove(to_return))
                  end
              end

********0     return iter
          end

          --- remove a whole directory tree.
          -- Symlinks in the tree will be deleted without following them.
          -- @string fullpath A directory path (must be an actual directory, not a symlink)
          -- @return true or nil
          -- @return error if failed
          -- @raise fullpath must be a string
        3 function dir.rmtree(fullpath)
********0     assert_dir(1,fullpath)
********0     if path.islink(fullpath) then return false,'will not follow symlink' end
********0     for root,dirs,files in dir.walk(fullpath,true) do
********0         if path.islink(root) then
                      -- sub dir is a link, remove link, do not follow
********0             if is_windows then
                          -- Windows requires using "rmdir". Deleting the link like a file
                          -- will instead delete all files from the target directory!!
********0                 local res, err = rmdir(root)
********0                 if not res then return nil,err .. ": " .. root end
                      else
********0                 local res, err = remove(root)
********0                 if not res then return nil,err .. ": " .. root end
                      end
                  else
********0             for i,f in ipairs(files) do
********0                 local res, err = remove(path.join(root,f))
********0                 if not res then return nil,err .. ": " .. path.join(root,f) end
                      end
********0             local res, err = rmdir(root)
********0             if not res then return nil,err .. ": " .. root end
                  end
              end
********0     return true
          end


          do
            local dirpat
        3   if path.is_windows then
********0       dirpat = '(.+)\\[^\\]+$'
            else
        3       dirpat = '(.+)/[^/]+$'
            end

            local _makepath
********0   function _makepath(p)
                -- windows root drive case
********0       if p:find '^%a:[\\]*$' then
********0           return true
                end
********0       if not path.isdir(p) then
********0           local subp = p:match(dirpat)
********0           if subp then
********0             local ok, err = _makepath(subp)
********0             if not ok then return nil, err end
                    end
********0           return mkdir(p)
                else
********0           return true
                end
            end

            --- create a directory path.
            -- This will create subdirectories as necessary!
            -- @string p A directory path
            -- @return true on success, nil + errormsg on failure
            -- @raise failure to create
        3   function dir.makepath (p)
********0       assert_string(1,p)
********0       if path.is_windows then
********0           p = p:gsub("/", "\\")
                end
********0       return _makepath(path.abspath(p))
            end
          end

          --- clone a directory tree. Will always try to create a new directory structure
          -- if necessary.
          -- @string path1 the base path of the source tree
          -- @string path2 the new base path for the destination
          -- @func file_fun an optional function to apply on all files
          -- @bool verbose an optional boolean to control the verbosity of the output.
          --  It can also be a logging function that behaves like print()
          -- @return true, or nil
          -- @return error message, or list of failed directory creations
          -- @return list of failed file operations
          -- @raise path1 and path2 must be strings
          -- @usage clonetree('.','../backup',copyfile)
        3 function dir.clonetree (path1,path2,file_fun,verbose)
********0     assert_string(1,path1)
********0     assert_string(2,path2)
********0     if verbose == true then verbose = print end
********0     local abspath,normcase,isdir,join = path.abspath,path.normcase,path.isdir,path.join
********0     local faildirs,failfiles = {},{}
********0     if not isdir(path1) then return raise 'source is not a valid directory' end
********0     path1 = abspath(normcase(path1))
********0     path2 = abspath(normcase(path2))
********0     if verbose then verbose('normalized:',path1,path2) end
              -- particularly NB that the new path isn't fully contained in the old path
********0     if path1 == path2 then return raise "paths are the same" end
********0     local _,i2 = path2:find(path1,1,true)
********0     if i2 == #path1 and path2:sub(i2+1,i2+1) == path.sep then
********0         return raise 'destination is a subdirectory of the source'
              end
********0     local cp = path.common_prefix (path1,path2)
********0     local idx = #cp
********0     if idx == 0 then -- no common path, but watch out for Windows paths!
********0         if path1:sub(2,2) == ':' then idx = 3 end
              end
********0     for root,dirs,files in dir.walk(path1) do
********0         local opath = path2..root:sub(idx)
********0         if verbose then verbose('paths:',opath,root) end
********0         if not isdir(opath) then
********0             local ret = dir.makepath(opath)
********0             if not ret then append(faildirs,opath) end
********0             if verbose then verbose('creating:',opath,ret) end
                  end
********0         if file_fun then
********0             for i,f in ipairs(files) do
********0                 local p1 = join(root,f)
********0                 local p2 = join(opath,f)
********0                 local ret = file_fun(p1,p2)
********0                 if not ret then append(failfiles,p2) end
********0                 if verbose then
********0                     verbose('files:',p1,p2,ret)
                          end
                      end
                  end
              end
********0     return true,faildirs,failfiles
          end


          -- each entry of the stack is an array with three items:
          -- 1. the name of the directory
          -- 2. the lfs iterator function
          -- 3. the lfs iterator userdata
          local function treeiter(iterstack)
       59     local diriter = iterstack[#iterstack]
       59     if not diriter then
        3       return -- done
              end

       56     local dirname = diriter[1]
       56     local entry = diriter[2](diriter[3])
       56     if not entry then
        9       table.remove(iterstack)
        9       return treeiter(iterstack) -- tail-call to try next
              end

       47     if entry ~= "." and entry ~= ".." then
       29         entry = dirname .. sep .. entry
       29         if exists(entry) then  -- Just in case a symlink is broken.
       29             local is_dir = isdir(entry)
       29             if is_dir then
        6                 table.insert(iterstack, { entry, ldir(entry) })
                      end
       29             return entry, is_dir
                  end
              end

       18     return treeiter(iterstack) -- tail-call to try next
          end


          --- return an iterator over all entries in a directory tree
          -- @string d a directory
          -- @return an iterator giving pathname and mode (true for dir, false otherwise)
          -- @raise d must be a non-empty string
        3 function dir.dirtree( d )
        3     assert( d and d ~= "", "directory parameter is missing or empty" )

        3     local last = sub ( d, -1 )
        3     if last == sep or last == '/' then
********0         d = sub( d, 1, -2 )
              end

        3     local iterstack = { {d, ldir(d)} }

        3     return treeiter, iterstack
          end


          --- Recursively returns all the file starting at 'path'. It can optionally take a shell pattern and
          -- only returns files that match 'shell_pattern'. If a pattern is given it will do a case insensitive search.
          -- @string[opt='.'] start_path  A directory.
          -- @string[opt='*'] shell_pattern A shell pattern (see `fnmatch`).
          -- @treturn List(string) containing all the files found recursively starting at 'path' and filtered by 'shell_pattern'.
          -- @raise start_path must be a directory
        3 function dir.getallfiles( start_path, shell_pattern )
        3     start_path = start_path or '.'
        3     assert_dir(1,start_path)
        3     shell_pattern = shell_pattern or "*"

        3     local files = {}
        3     local normcase = path.normcase
       32     for filename, mode in dir.dirtree( start_path ) do
       29         if not mode then
       23             local mask = filemask( shell_pattern )
       23             if normcase(filename):find( mask ) then
       23                 files[#files + 1] = filename
                      end
                  end
              end

        3     return makelist(files)
          end

        3 return dir

==============================================================================
/home/tiago/work/lua/lua-gdpr-iab-tcfv2/.rocks/share/lua/5.1/pl/path.lua
==============================================================================
          --- Path manipulation and file queries.
          --
          -- This is modelled after Python's os.path library (10.1); see @{04-paths.md|the Guide}.
          --
          -- NOTE: the functions assume the paths being dealt with to originate
          -- from the OS the application is running on. Windows drive letters are not
          -- to be used when running on a Unix system for example. The one exception
          -- is Windows paths to allow both forward and backward slashes (since Lua
          -- also accepts those)
          --
          -- Dependencies: `pl.utils`, `lfs`
          -- @module pl.path

          -- imports and locals
********0 local _G = _G
********0 local sub = string.sub
********0 local getenv = os.getenv
********0 local tmpnam = os.tmpname
********0 local package = package
********0 local append, concat, remove = table.insert, table.concat, table.remove
********0 local utils = require 'pl.utils'
********0 local assert_string,raise = utils.assert_string,utils.raise

********0 local res,lfs = _G.pcall(_G.require,'lfs')
********0 if not res then
********0     error("pl.path requires LuaFileSystem")
          end

********0 local attrib = lfs.attributes
********0 local currentdir = lfs.currentdir
********0 local link_attrib = lfs.symlinkattributes

********0 local path = {}

          local function err_func(name, param, err, code)
********0   local ret = ("%s failed"):format(tostring(name))
********0   if param ~= nil then
********0     ret = ret .. (" for '%s'"):format(tostring(param))
            end
********0   ret = ret .. (": %s"):format(tostring(err))
********0   if code ~= nil then
********0     ret = ret .. (" (code %s)"):format(tostring(code))
            end
********0   return ret
          end

          --- Lua iterator over the entries of a given directory.
          -- Implicit link to [`luafilesystem.dir`](https://lunarmodules.github.io/luafilesystem/manual.html#dir)
          -- @function dir
********0 path.dir = lfs.dir

          --- Creates a directory.
          -- Implicit link to [`luafilesystem.mkdir`](https://lunarmodules.github.io/luafilesystem/manual.html#mkdir)
          -- @function mkdir
          path.mkdir = function(d)
********0   local ok, err, code = lfs.mkdir(d)
********0   if not ok then
********0     return ok, err_func("mkdir", d, err, code), code
            end
********0   return ok, err, code
          end

          --- Removes a directory.
          -- Implicit link to [`luafilesystem.rmdir`](https://lunarmodules.github.io/luafilesystem/manual.html#rmdir)
          -- @function rmdir
          path.rmdir = function(d)
********0   local ok, err, code = lfs.rmdir(d)
********0   if not ok then
********0     return ok, err_func("rmdir", d, err, code), code
            end
********0   return ok, err, code
          end

          --- Gets attributes.
          -- Implicit link to [`luafilesystem.attributes`](https://lunarmodules.github.io/luafilesystem/manual.html#attributes)
          -- @function attrib
          path.attrib = function(d, r)
********0   local ok, err, code = attrib(d, r)
********0   if not ok then
********0     return ok, err_func("attrib", d, err, code), code
            end
********0   return ok, err, code
          end

          --- Get the working directory.
          -- Implicit link to [`luafilesystem.currentdir`](https://lunarmodules.github.io/luafilesystem/manual.html#currentdir)
          -- @function currentdir
          path.currentdir = function()
********0   local ok, err, code = currentdir()
********0   if not ok then
********0     return ok, err_func("currentdir", nil, err, code), code
            end
********0   return ok, err, code
          end

          --- Gets symlink attributes.
          -- Implicit link to [`luafilesystem.symlinkattributes`](https://lunarmodules.github.io/luafilesystem/manual.html#symlinkattributes)
          -- @function link_attrib
          path.link_attrib = function(d, r)
********0   local ok, err, code = link_attrib(d, r)
********0   if not ok then
********0     return ok, err_func("link_attrib", d, err, code), code
            end
********0   return ok, err, code
          end

          --- Changes the working directory.
          -- On Windows, if a drive is specified, it also changes the current drive. If
          -- only specifying the drive, it will only switch drive, but not modify the path.
          -- Implicit link to [`luafilesystem.chdir`](https://lunarmodules.github.io/luafilesystem/manual.html#chdir)
          -- @function chdir
          path.chdir = function(d)
********0   local ok, err, code = lfs.chdir(d)
********0   if not ok then
********0     return ok, err_func("chdir", d, err, code), code
            end
********0   return ok, err, code
          end

          --- is this a directory?
          -- @string P A file path
********0 function path.isdir(P)
       35     assert_string(1,P)
       35     return attrib(P,'mode') == 'directory'
          end

          --- is this a file?
          -- @string P A file path
********0 function path.isfile(P)
        3     assert_string(1,P)
        3     return attrib(P,'mode') == 'file'
          end

          -- is this a symbolic link?
          -- @string P A file path
********0 function path.islink(P)
********0     assert_string(1,P)
********0     if link_attrib then
********0         return link_attrib(P,'mode')=='link'
              else
********0         return false
              end
          end

          --- return size of a file.
          -- @string P A file path
********0 function path.getsize(P)
********0     assert_string(1,P)
********0     return attrib(P,'size')
          end

          --- does a path exist?
          -- @string P A file path
          -- @return the file path if it exists (either as file, directory, socket, etc), false otherwise
********0 function path.exists(P)
       29     assert_string(1,P)
       29     return attrib(P,'mode') ~= nil and P
          end

          --- Return the time of last access as the number of seconds since the epoch.
          -- @string P A file path
********0 function path.getatime(P)
********0     assert_string(1,P)
********0     return attrib(P,'access')
          end

          --- Return the time of last modification as the number of seconds since the epoch.
          -- @string P A file path
********0 function path.getmtime(P)
********0     assert_string(1,P)
********0     return attrib(P,'modification')
          end

          ---Return the system's ctime as the number of seconds since the epoch.
          -- @string P A file path
********0 function path.getctime(P)
********0     assert_string(1,P)
********0     return path.attrib(P,'change')
          end


          local function at(s,i)
     1644     return sub(s,i,i)
          end

********0 path.is_windows = utils.is_windows

          local sep, other_sep, seps
          -- constant sep is the directory separator for this platform.
          -- constant dirsep is the separator in the PATH environment variable
********0 if path.is_windows then
********0     path.sep = '\\'; other_sep = '/'
********0     path.dirsep = ';'
********0     seps = { ['/'] = true, ['\\'] = true }
          else
********0     path.sep = '/'
********0     path.dirsep = ':'
********0     seps = { ['/'] = true }
          end
********0 sep = path.sep

          --- are we running Windows?
          -- @class field
          -- @name path.is_windows

          --- path separator for this platform.
          -- @class field
          -- @name path.sep

          --- separator for PATH for this platform
          -- @class field
          -- @name path.dirsep

          --- given a path, return the directory part and a file part.
          -- if there's no directory part, the first value will be empty
          -- @string P A file path
          -- @return directory part
          -- @return file part
          -- @usage
          -- local dir, file = path.splitpath("some/dir/myfile.txt")
          -- assert(dir == "some/dir")
          -- assert(file == "myfile.txt")
          --
          -- local dir, file = path.splitpath("some/dir/")
          -- assert(dir == "some/dir")
          -- assert(file == "")
          --
          -- local dir, file = path.splitpath("some_dir")
          -- assert(dir == "")
          -- assert(file == "some_dir")
********0 function path.splitpath(P)
      121     assert_string(1,P)
      121     local i = #P
      121     local ch = at(P,i)
     1608     while i > 0 and ch ~= sep and ch ~= other_sep do
     1487         i = i - 1
     1487         ch = at(P,i)
              end
      121     if i == 0 then
********0         return '',P
              else
      121         return sub(P,1,i-1), sub(P,i+1)
              end
          end

          --- return an absolute path.
          -- @string P A file path
          -- @string[opt] pwd optional start path to use (default is current dir)
********0 function path.abspath(P,pwd)
********0     assert_string(1,P)
********0     local use_pwd = pwd ~= nil
********0     if use_pwd then assert_string(2,pwd) end
********0     if not use_pwd and not currentdir() then return P end
********0     P = P:gsub('[\\/]$','')
********0     pwd = pwd or currentdir()
********0     if not path.isabs(P) then
********0         P = path.join(pwd,P)
********0     elseif path.is_windows and not use_pwd and at(P,2) ~= ':' and at(P,2) ~= '\\' then
********0         P = pwd:sub(1,2)..P -- attach current drive to path like '\\fred.txt'
              end
********0     return path.normpath(P)
          end

          --- given a path, return the root part and the extension part.
          -- if there's no extension part, the second value will be empty
          -- @string P A file path
          -- @treturn string root part (everything upto the "."", maybe empty)
          -- @treturn string extension part (including the ".", maybe empty)
          -- @usage
          -- local file_path, ext = path.splitext("/bonzo/dog_stuff/cat.txt")
          -- assert(file_path == "/bonzo/dog_stuff/cat")
          -- assert(ext == ".txt")
          --
          -- local file_path, ext = path.splitext("")
          -- assert(file_path == "")
          -- assert(ext == "")
********0 function path.splitext(P)
        9     assert_string(1,P)
        9     local i = #P
        9     local ch = at(P,i)
       36     while i > 0 and ch ~= '.' do
       27         if seps[ch] then
********0             return P,''
                  end
       27         i = i - 1
       27         ch = at(P,i)
              end
        9     if i == 0 then
********0         return P,''
              else
        9         return sub(P,1,i-1),sub(P,i)
              end
          end

          --- return the directory part of a path
          -- @string P A file path
          -- @treturn string everything before the last dir-separator
          -- @see splitpath
          -- @usage
          -- path.dirname("/some/path/file.txt")   -- "/some/path"
          -- path.dirname("file.txt")              -- "" (empty string)
********0 function path.dirname(P)
       98     assert_string(1,P)
       98     local p1 = path.splitpath(P)
       98     return p1
          end

          --- return the file part of a path
          -- @string P A file path
          -- @treturn string
          -- @see splitpath
          -- @usage
          -- path.basename("/some/path/file.txt")  -- "file.txt"
          -- path.basename("/some/path/file/")     -- "" (empty string)
********0 function path.basename(P)
       23     assert_string(1,P)
       23     local _,p2 = path.splitpath(P)
       23     return p2
          end

          --- get the extension part of a path.
          -- @string P A file path
          -- @treturn string
          -- @see splitext
          -- @usage
          -- path.extension("/some/path/file.txt") -- ".txt"
          -- path.extension("/some/path/file_txt") -- "" (empty string)
********0 function path.extension(P)
        9     assert_string(1,P)
        9     local _,p2 = path.splitext(P)
        9     return p2
          end

          --- is this an absolute path?
          -- @string P A file path
          -- @usage
          -- path.isabs("hello/path")    -- false
          -- path.isabs("/hello/path")   -- true
          -- -- Windows;
          -- path.isabs("hello\path")    -- false
          -- path.isabs("\hello\path")   -- true
          -- path.isabs("C:\hello\path") -- true
          -- path.isabs("C:hello\path")  -- false
********0 function path.isabs(P)
********0     assert_string(1,P)
********0     if path.is_windows and at(P,2) == ":" then
********0         return seps[at(P,3)] ~= nil
              end
********0     return seps[at(P,1)] ~= nil
          end

          --- return the path resulting from combining the individual paths.
          -- if the second (or later) path is absolute, we return the last absolute path (joined with any non-absolute paths following).
          -- empty elements (except the last) will be ignored.
          -- @string p1 A file path
          -- @string p2 A file path
          -- @string ... more file paths
          -- @treturn string the combined path
          -- @usage
          -- path.join("/first","second","third")   -- "/first/second/third"
          -- path.join("first","second/third")      -- "first/second/third"
          -- path.join("/first","/second","third")  -- "/second/third"
********0 function path.join(p1,p2,...)
********0     assert_string(1,p1)
********0     assert_string(2,p2)
********0     if select('#',...) > 0 then
********0         local p = path.join(p1,p2)
********0         local args = {...}
********0         for i = 1,#args do
********0             assert_string(i,args[i])
********0             p = path.join(p,args[i])
                  end
********0         return p
              end
********0     if path.isabs(p2) then return p2 end
********0     local endc = at(p1,#p1)
********0     if endc ~= path.sep and endc ~= other_sep and endc ~= "" then
********0         p1 = p1..path.sep
              end
********0     return p1..p2
          end

          --- normalize the case of a pathname. On Unix, this returns the path unchanged,
          -- for Windows it converts;
          --
          -- * the path to lowercase
          -- * forward slashes to backward slashes
          -- @string P A file path
          -- @usage path.normcase("/Some/Path/File.txt")
          -- -- Windows: "\some\path\file.txt"
          -- -- Others : "/Some/Path/File.txt"
********0 function path.normcase(P)
       46     assert_string(1,P)
       46     if path.is_windows then
********0         return P:gsub('/','\\'):lower()
              else
       46         return P
              end
          end

          --- normalize a path name.
          -- `A//B`, `A/./B`, and `A/foo/../B` all become `A/B`.
          --
          -- An empty path results in '.'.
          -- @string P a file path
********0 function path.normpath(P)
********0     assert_string(1,P)
              -- Split path into anchor and relative path.
********0     local anchor = ''
********0     if path.is_windows then
********0         if P:match '^\\\\' then -- UNC
********0             anchor = '\\\\'
********0             P = P:sub(3)
********0         elseif seps[at(P, 1)] then
********0             anchor = '\\'
********0             P = P:sub(2)
********0         elseif at(P, 2) == ':' then
********0             anchor = P:sub(1, 2)
********0             P = P:sub(3)
********0             if seps[at(P, 1)] then
********0                 anchor = anchor..'\\'
********0                 P = P:sub(2)
                      end
                  end
********0         P = P:gsub('/','\\')
              else
                  -- According to POSIX, in path start '//' and '/' are distinct,
                  -- but '///+' is equivalent to '/'.
********0         if P:match '^//' and at(P, 3) ~= '/' then
********0             anchor = '//'
********0             P = P:sub(3)
********0         elseif at(P, 1) == '/' then
********0             anchor = '/'
********0             P = P:match '^/*(.*)$'
                  end
              end
********0     local parts = {}
********0     for part in P:gmatch('[^'..sep..']+') do
********0         if part == '..' then
********0             if #parts ~= 0 and parts[#parts] ~= '..' then
********0                 remove(parts)
                      else
********0                 append(parts, part)
                      end
********0         elseif part ~= '.' then
********0             append(parts, part)
                  end
              end
********0     P = anchor..concat(parts, sep)
********0     if P == '' then P = '.' end
********0     return P
          end

          --- relative path from current directory or optional start point
          -- @string P a path
          -- @string[opt] start optional start point (default current directory)
********0 function path.relpath (P,start)
********0     assert_string(1,P)
********0     if start then assert_string(2,start) end
********0     local split,min,append = utils.split, math.min, table.insert
********0     P = path.abspath(P,start)
********0     start = start or currentdir()
              local compare
********0     if path.is_windows then
********0         P = P:gsub("/","\\")
********0         start = start:gsub("/","\\")
********0         compare = function(v) return v:lower() end
              else
********0         compare = function(v) return v end
              end
********0     local startl, Pl = split(start,sep), split(P,sep)
********0     local n = min(#startl,#Pl)
********0     if path.is_windows and n > 0 and at(Pl[1],2) == ':' and Pl[1] ~= startl[1] then
********0         return P
              end
********0     local k = n+1 -- default value if this loop doesn't bail out!
********0     for i = 1,n do
********0         if compare(startl[i]) ~= compare(Pl[i]) then
********0             k = i
                      break
                  end
              end
********0     local rell = {}
********0     for i = 1, #startl-k+1 do rell[i] = '..' end
********0     if k <= #Pl then
********0         for i = k,#Pl do append(rell,Pl[i]) end
              end
********0     return table.concat(rell,sep)
          end


          --- Replace a starting '~' with the user's home directory.
          -- In windows, if HOME isn't set, then USERPROFILE is used in preference to
          -- HOMEDRIVE HOMEPATH. This is guaranteed to be writeable on all versions of Windows.
          -- @string P A file path
          -- @treturn[1] string The file path with the `~` prefix substituted, or the input path if it had no prefix.
          -- @treturn[2] nil
          -- @treturn[2] string Error message if the environment variables were unavailable.
********0 function path.expanduser(P)
********0     assert_string(1,P)
********0     if P:sub(1,1) ~= '~' then
********0         return P
              end

********0     local home = getenv('HOME')
********0     if (not home) and (not path.is_windows) then
                  -- no more options to try on Nix
********0         return nil, "failed to expand '~' (HOME not set)"
              end

********0     if (not home) then
                  -- try alternatives on Windows
********0         home = getenv 'USERPROFILE'
********0         if not home then
********0             local hd = getenv 'HOMEDRIVE'
********0             local hp = getenv 'HOMEPATH'
********0             if not (hd and hp) then
********0               return nil, "failed to expand '~' (HOME, USERPROFILE, and HOMEDRIVE and/or HOMEPATH not set)"
                      end
********0             home = hd..hp
                  end
              end

********0     return home..sub(P,2)
          end


          ---Return a suitable full path to a new temporary file name.
          -- unlike os.tmpname(), it always gives you a writeable path (uses TEMP environment variable on Windows)
********0 function path.tmpname ()
********0     local res = tmpnam()
              -- On Windows if Lua is compiled using MSVC14 os.tmpname
              -- already returns an absolute path within TEMP env variable directory,
              -- no need to prepend it.
********0     if path.is_windows and not res:find(':') then
********0         res = getenv('TEMP')..res
              end
********0     return res
          end

          --- return the largest common prefix path of two paths.
          -- @string path1 a file path
          -- @string path2 a file path
          -- @return the common prefix (Windows: separators will be normalized, casing will be original)
********0 function path.common_prefix (path1,path2)
********0     assert_string(1,path1)
********0     assert_string(2,path2)
              -- get them in order!
********0     if #path1 > #path2 then path2,path1 = path1,path2 end
              local compare
********0     if path.is_windows then
********0         path1 = path1:gsub("/", "\\")
********0         path2 = path2:gsub("/", "\\")
********0         compare = function(v) return v:lower() end
              else
********0         compare = function(v) return v end
              end
********0     for i = 1,#path1 do
********0         if compare(at(path1,i)) ~= compare(at(path2,i)) then
********0             local cp = path1:sub(1,i-1)
********0             if at(path1,i-1) ~= sep then
********0                 cp = path.dirname(cp)
                      end
********0             return cp
                  end
              end
********0     if at(path2,#path1+1) ~= sep then path1 = path.dirname(path1) end
********0     return path1
              --return ''
          end

          --- return the full path where a particular Lua module would be found.
          -- Both package.path and package.cpath is searched, so the result may
          -- either be a Lua file or a shared library.
          -- @string mod name of the module
          -- @return on success: path of module, lua or binary
          -- @return on error: nil, error string listing paths tried
********0 function path.package_path(mod)
********0     assert_string(1,mod)
              local res, err1, err2
********0     res, err1 = package.searchpath(mod,package.path)
********0     if res then return res,true end
********0     res, err2 = package.searchpath(mod,package.cpath)
********0     if res then return res,false end
********0     return raise ('cannot find module on path\n' .. err1 .. "\n" .. err2)
          end


          ---- finis -----
********0 return path

==============================================================================
/home/tiago/work/lua/lua-gdpr-iab-tcfv2/.rocks/share/lua/5.1/pl/tablex.lua
==============================================================================
          --- Extended operations on Lua tables.
          --
          -- See @{02-arrays.md.Useful_Operations_on_Tables|the Guide}
          --
          -- Dependencies: `pl.utils`, `pl.types`
          -- @module pl.tablex
********0 local utils = require ('pl.utils')
********0 local types = require ('pl.types')
********0 local getmetatable,setmetatable,require = getmetatable,setmetatable,require
********0 local tsort,append,remove = table.sort,table.insert,table.remove
********0 local min = math.min
********0 local pairs,type,unpack,select,tostring = pairs,type,utils.unpack,select,tostring
********0 local function_arg = utils.function_arg
********0 local assert_arg = utils.assert_arg

********0 local tablex = {}

          -- generally, functions that make copies of tables try to preserve the metatable.
          -- However, when the source has no obvious type, then we attach appropriate metatables
          -- like List, Map, etc to the result.
          local function setmeta (res,tbl,pl_class)
        6     local mt = getmetatable(tbl) or pl_class and require('pl.' .. pl_class)
        6     return mt and setmetatable(res, mt) or res
          end

          local function makelist(l)
********0     return setmetatable(l, require('pl.List'))
          end

          local function makemap(m)
********0     return setmetatable(m, require('pl.Map'))
          end

          local function complain (idx,msg)
********0     error(('argument %d is not %s'):format(idx,msg),3)
          end

          local function assert_arg_indexable (idx,val)
        6     if not types.is_indexable(val) then
********0         complain(idx,"indexable")
              end
          end

          local function assert_arg_iterable (idx,val)
       12     if not types.is_iterable(val) then
********0         complain(idx,"iterable")
              end
          end

          local function assert_arg_writeable (idx,val)
********0     if not types.is_writeable(val) then
********0         complain(idx,"writeable")
              end
          end

          --- copy a table into another, in-place.
          -- @within Copying
          -- @tab t1 destination table
          -- @tab t2 source (actually any iterable object)
          -- @return first table
********0 function tablex.update (t1,t2)
********0     assert_arg_writeable(1,t1)
********0     assert_arg_iterable(2,t2)
********0     for k,v in pairs(t2) do
********0         t1[k] = v
              end
********0     return t1
          end

          --- total number of elements in this table.
          -- Note that this is distinct from `#t`, which is the number
          -- of values in the array part; this value will always
          -- be greater or equal. The difference gives the size of
          -- the hash part, for practical purposes. Works for any
          -- object with a __pairs metamethod.
          -- @tab t a table
          -- @return the size
********0 function tablex.size (t)
********0     assert_arg_iterable(1,t)
********0     local i = 0
********0     for k in pairs(t) do i = i + 1 end
********0     return i
          end

          --- make a shallow copy of a table
          -- @within Copying
          -- @tab t an iterable source
          -- @return new table
********0 function tablex.copy (t)
       12     assert_arg_iterable(1,t)
       12     local res = {}
      723     for k,v in pairs(t) do
      711         res[k] = v
              end
       12     return res
          end

          local function cycle_aware_copy(t, cache)
********0     if type(t) ~= 'table' then return t end
********0     if cache[t] then return cache[t] end
********0     assert_arg_iterable(1,t)
********0     local res = {}
********0     cache[t] = res
********0     local mt = getmetatable(t)
********0     for k,v in pairs(t) do
********0         res[cycle_aware_copy(k, cache)] = cycle_aware_copy(v, cache)
              end
********0     setmetatable(res,mt)
********0     return res
          end

          --- make a deep copy of a table, recursively copying all the keys and fields.
          -- This supports cycles in tables; cycles will be reproduced in the copy.
          -- This will also set the copied table's metatable to that of the original.
          -- @within Copying
          -- @tab t A table
          -- @return new table
********0 function tablex.deepcopy(t)
********0     return cycle_aware_copy(t,{})
          end

********0 local abs = math.abs

          local function cycle_aware_compare(t1,t2,ignore_mt,eps,cache)
********0     if cache[t1] and cache[t1][t2] then return true end
********0     local ty1 = type(t1)
********0     local ty2 = type(t2)
********0     if ty1 ~= ty2 then return false end
              -- non-table types can be directly compared
********0     if ty1 ~= 'table' then
********0         if ty1 == 'number' and eps then return abs(t1-t2) < eps end
********0         return t1 == t2
              end
              -- as well as tables which have the metamethod __eq
********0     local mt = getmetatable(t1)
********0     if not ignore_mt and mt and mt.__eq then return t1 == t2 end
********0     for k1 in pairs(t1) do
********0         if t2[k1]==nil then return false end
              end
********0     for k2 in pairs(t2) do
********0         if t1[k2]==nil then return false end
              end
********0     cache[t1] = cache[t1] or {}
********0     cache[t1][t2] = true
********0     for k1,v1 in pairs(t1) do
********0         local v2 = t2[k1]
********0         if not cycle_aware_compare(v1,v2,ignore_mt,eps,cache) then return false end
              end
********0     return true
          end

          --- compare two values.
          -- if they are tables, then compare their keys and fields recursively.
          -- @within Comparing
          -- @param t1 A value
          -- @param t2 A value
          -- @bool[opt] ignore_mt if true, ignore __eq metamethod (default false)
          -- @number[opt] eps if defined, then used for any number comparisons
          -- @return true or false
********0 function tablex.deepcompare(t1,t2,ignore_mt,eps)
********0     return cycle_aware_compare(t1,t2,ignore_mt,eps,{})
          end

          --- compare two arrays using a predicate.
          -- @within Comparing
          -- @array t1 an array
          -- @array t2 an array
          -- @func cmp A comparison function; `bool = cmp(t1_value, t2_value)`
          -- @return true or false
          -- @usage
          -- assert(tablex.compare({ 1, 2, 3 }, { 1, 2, 3 }, "=="))
          --
          -- assert(tablex.compare(
          --    {1,2,3, hello = "world"},  -- fields are not compared!
          --    {1,2,3}, function(v1, v2) return v1 == v2 end)
********0 function tablex.compare (t1,t2,cmp)
********0     assert_arg_indexable(1,t1)
********0     assert_arg_indexable(2,t2)
********0     if #t1 ~= #t2 then return false end
********0     cmp = function_arg(3,cmp)
********0     for k = 1,#t1 do
********0         if not cmp(t1[k],t2[k]) then return false end
              end
********0     return true
          end

          --- compare two list-like tables using an optional predicate, without regard for element order.
          -- @within Comparing
          -- @array t1 a list-like table
          -- @array t2 a list-like table
          -- @param cmp A comparison function (may be nil)
********0 function tablex.compare_no_order (t1,t2,cmp)
********0     assert_arg_indexable(1,t1)
********0     assert_arg_indexable(2,t2)
********0     if cmp then cmp = function_arg(3,cmp) end
********0     if #t1 ~= #t2 then return false end
********0     local visited = {}
********0     for i = 1,#t1 do
********0         local val = t1[i]
                  local gotcha
********0         for j = 1,#t2 do
********0             if not visited[j] then
                          local match
********0                 if cmp then match = cmp(val,t2[j]) else match = val == t2[j] end
********0                 if match then
********0                     gotcha = j
                              break
                          end
                      end
                  end
********0         if not gotcha then return false end
********0         visited[gotcha] = true
              end
********0     return true
          end


          --- return the index of a value in a list.
          -- Like string.find, there is an optional index to start searching,
          -- which can be negative.
          -- @within Finding
          -- @array t A list-like table
          -- @param val A value
          -- @int idx index to start; -1 means last element,etc (default 1)
          -- @return index of value or nil if not found
          -- @usage find({10,20,30},20) == 2
          -- @usage find({'a','b','a','c'},'a',2) == 3
********0 function tablex.find(t,val,idx)
********0     assert_arg_indexable(1,t)
********0     idx = idx or 1
********0     if idx < 0 then idx = #t + idx + 1 end
********0     for i = idx,#t do
********0         if t[i] == val then return i end
              end
********0     return nil
          end

          --- return the index of a value in a list, searching from the end.
          -- Like string.find, there is an optional index to start searching,
          -- which can be negative.
          -- @within Finding
          -- @array t A list-like table
          -- @param val A value
          -- @param idx index to start; -1 means last element,etc (default `#t`)
          -- @return index of value or nil if not found
          -- @usage rfind({10,10,10},10) == 3
********0 function tablex.rfind(t,val,idx)
********0     assert_arg_indexable(1,t)
********0     idx = idx or #t
********0     if idx < 0 then idx = #t + idx + 1 end
********0     for i = idx,1,-1 do
********0         if t[i] == val then return i end
              end
********0     return nil
          end


          --- return the index (or key) of a value in a table using a comparison function.
          --
          -- *NOTE*: the 2nd return value of this function, the value returned
          -- by the comparison function, has a limitation that it cannot be `false`.
          -- Because if it is, then it indicates the comparison failed, and the
          -- function will continue the search. See examples.
          -- @within Finding
          -- @tab t A table
          -- @func cmp A comparison function
          -- @param arg an optional second argument to the function
          -- @return index of value, or nil if not found
          -- @return value returned by comparison function (cannot be `false`!)
          -- @usage
          -- -- using an operator
          -- local lst = { "Rudolph", true, false, 15 }
          -- local idx, cmp_result = tablex.rfind(lst, "==", "Rudolph")
          -- assert(idx == 1)
          -- assert(cmp_result == true)
          --
          -- local idx, cmp_result = tablex.rfind(lst, "==", false)
          -- assert(idx == 3)
          -- assert(cmp_result == true)       -- looking up 'false' works!
          --
          -- -- using a function returning the value looked up
          -- local cmp = function(v1, v2) return v1 == v2 and v2 end
          -- local idx, cmp_result = tablex.rfind(lst, cmp, "Rudolph")
          -- assert(idx == 1)
          -- assert(cmp_result == "Rudolph")  -- the value is returned
          --
          -- -- NOTE: this fails, since 'false' cannot be returned!
          -- local idx, cmp_result = tablex.rfind(lst, cmp, false)
          -- assert(idx == nil)               -- looking up 'false' failed!
          -- assert(cmp_result == nil)
********0 function tablex.find_if(t,cmp,arg)
********0     assert_arg_iterable(1,t)
********0     cmp = function_arg(2,cmp)
********0     for k,v in pairs(t) do
********0         local c = cmp(v,arg)
********0         if c then return k,c end
              end
********0     return nil
          end

          --- return a list of all values in a table indexed by another list.
          -- @tab tbl a table
          -- @array idx an index table (a list of keys)
          -- @return a list-like table
          -- @usage index_by({10,20,30,40},{2,4}) == {20,40}
          -- @usage index_by({one=1,two=2,three=3},{'one','three'}) == {1,3}
********0 function tablex.index_by(tbl,idx)
********0     assert_arg_indexable(1,tbl)
********0     assert_arg_indexable(2,idx)
********0     local res = {}
********0     for i = 1,#idx do
********0         res[i] = tbl[idx[i]]
              end
********0     return setmeta(res,tbl,'List')
          end

          --- apply a function to all values of a table.
          -- This returns a table of the results.
          -- Any extra arguments are passed to the function.
          -- @within MappingAndFiltering
          -- @func fun A function that takes at least one argument
          -- @tab t A table
          -- @param ... optional arguments
          -- @usage map(function(v) return v*v end, {10,20,30,fred=2}) is {100,400,900,fred=4}
********0 function tablex.map(fun,t,...)
********0     assert_arg_iterable(1,t)
********0     fun = function_arg(1,fun)
********0     local res = {}
********0     for k,v in pairs(t) do
********0         res[k] = fun(v,...)
              end
********0     return setmeta(res,t)
          end

          --- apply a function to all values of a list.
          -- This returns a table of the results.
          -- Any extra arguments are passed to the function.
          -- @within MappingAndFiltering
          -- @func fun A function that takes at least one argument
          -- @array t a table (applies to array part)
          -- @param ... optional arguments
          -- @return a list-like table
          -- @usage imap(function(v) return v*v end, {10,20,30,fred=2}) is {100,400,900}
********0 function tablex.imap(fun,t,...)
********0     assert_arg_indexable(1,t)
********0     fun = function_arg(1,fun)
********0     local res = {}
********0     for i = 1,#t do
********0         res[i] = fun(t[i],...) or false
              end
********0     return setmeta(res,t,'List')
          end

          --- apply a named method to values from a table.
          -- @within MappingAndFiltering
          -- @string name the method name
          -- @array t a list-like table
          -- @param ... any extra arguments to the method
          -- @return a `List` with the results of the method (1st result only)
          -- @usage
          -- local Car = {}
          -- Car.__index = Car
          -- function Car.new(car)
          --   return setmetatable(car or {}, Car)
          -- end
          -- Car.speed = 0
          -- function Car:faster(increase)
          --   self.speed = self.speed + increase
          --   return self.speed
          -- end
          --
          -- local ferrari = Car.new{ name = "Ferrari" }
          -- local lamborghini = Car.new{ name = "Lamborghini", speed = 50 }
          -- local cars = { ferrari, lamborghini }
          --
          -- assert(ferrari.speed == 0)
          -- assert(lamborghini.speed == 50)
          -- tablex.map_named_method("faster", cars, 10)
          -- assert(ferrari.speed == 10)
          -- assert(lamborghini.speed == 60)
********0 function tablex.map_named_method (name,t,...)
********0     utils.assert_string(1,name)
********0     assert_arg_indexable(2,t)
********0     local res = {}
********0     for i = 1,#t do
********0         local val = t[i]
********0         local fun = val[name]
********0         res[i] = fun(val,...)
              end
********0     return setmeta(res,t,'List')
          end

          --- apply a function to all values of a table, in-place.
          -- Any extra arguments are passed to the function.
          -- @func fun A function that takes at least one argument
          -- @tab t a table
          -- @param ... extra arguments passed to `fun`
          -- @see tablex.foreach
********0 function tablex.transform (fun,t,...)
********0     assert_arg_iterable(1,t)
********0     fun = function_arg(1,fun)
********0     for k,v in pairs(t) do
********0         t[k] = fun(v,...)
              end
          end

          --- generate a table of all numbers in a range.
          -- This is consistent with a numerical for loop.
          -- @int start  number
          -- @int finish number
          -- @int[opt=1] step  make this negative for start < finish
********0 function tablex.range (start,finish,step)
              local res
********0     step = step or 1
********0     if start == finish then
********0         res = {start}
********0     elseif (start > finish and step > 0) or (finish > start and step < 0) then
********0         res = {}
              else
********0         local k = 1
********0         res = {}
********0         for i=start,finish,step do res[k]=i; k=k+1 end
              end
********0     return makelist(res)
          end

          --- apply a function to values from two tables.
          -- @within MappingAndFiltering
          -- @func fun a function of at least two arguments
          -- @tab t1 a table
          -- @tab t2 a table
          -- @param ... extra arguments
          -- @return a table
          -- @usage map2('+',{1,2,3,m=4},{10,20,30,m=40}) is {11,22,23,m=44}
********0 function tablex.map2 (fun,t1,t2,...)
********0     assert_arg_iterable(1,t1)
********0     assert_arg_iterable(2,t2)
********0     fun = function_arg(1,fun)
********0     local res = {}
********0     for k,v in pairs(t1) do
********0         res[k] = fun(v,t2[k],...)
              end
********0     return setmeta(res,t1,'List')
          end

          --- apply a function to values from two arrays.
          -- The result will be the length of the shortest array.
          -- @within MappingAndFiltering
          -- @func fun a function of at least two arguments
          -- @array t1 a list-like table
          -- @array t2 a list-like table
          -- @param ... extra arguments
          -- @usage imap2('+',{1,2,3,m=4},{10,20,30,m=40}) is {11,22,23}
********0 function tablex.imap2 (fun,t1,t2,...)
********0     assert_arg_indexable(2,t1)
********0     assert_arg_indexable(3,t2)
********0     fun = function_arg(1,fun)
********0     local res,n = {},math.min(#t1,#t2)
********0     for i = 1,n do
********0         res[i] = fun(t1[i],t2[i],...)
              end
********0     return res
          end

          --- 'reduce' a list using a binary function.
          -- @func fun a function of two arguments
          -- @array t a list-like table
          -- @array memo optional initial memo value. Defaults to first value in table.
          -- @return the result of the function
          -- @usage reduce('+',{1,2,3,4}) == 10
********0 function tablex.reduce (fun,t,memo)
********0     assert_arg_indexable(2,t)
********0     fun = function_arg(1,fun)
********0     local n = #t
********0     if n == 0 then
********0         return memo
              end
********0     local res = memo and fun(memo, t[1]) or t[1]
********0     for i = 2,n do
********0         res = fun(res,t[i])
              end
********0     return res
          end

          --- apply a function to all elements of a table.
          -- The arguments to the function will be the value,
          -- the key and _finally_ any extra arguments passed to this function.
          -- Note that the Lua 5.0 function table.foreach passed the _key_ first.
          -- @within Iterating
          -- @tab t a table
          -- @func fun a function on the elements; `function(value, key, ...)`
          -- @param ... extra arguments passed to `fun`
          -- @see tablex.transform
********0 function tablex.foreach(t,fun,...)
********0     assert_arg_iterable(1,t)
********0     fun = function_arg(2,fun)
********0     for k,v in pairs(t) do
********0         fun(v,k,...)
              end
          end

          --- apply a function to all elements of a list-like table in order.
          -- The arguments to the function will be the value,
          -- the index and _finally_ any extra arguments passed to this function
          -- @within Iterating
          -- @array t a table
          -- @func fun a function with at least one argument
          -- @param ... optional arguments
********0 function tablex.foreachi(t,fun,...)
********0     assert_arg_indexable(1,t)
********0     fun = function_arg(2,fun)
********0     for i = 1,#t do
********0         fun(t[i],i,...)
              end
          end

          --- Apply a function to a number of tables.
          -- A more general version of map
          -- The result is a table containing the result of applying that function to the
          -- ith value of each table. Length of output list is the minimum length of all the lists
          -- @within MappingAndFiltering
          -- @func fun a function of n arguments
          -- @tab ... n tables
          -- @usage mapn(function(x,y,z) return x+y+z end, {1,2,3},{10,20,30},{100,200,300}) is {111,222,333}
          -- @usage mapn(math.max, {1,20,300},{10,2,3},{100,200,100}) is    {100,200,300}
          -- @param fun A function that takes as many arguments as there are tables
********0 function tablex.mapn(fun,...)
********0     fun = function_arg(1,fun)
********0     local res = {}
********0     local lists = {...}
********0     local minn = 1e40
********0     for i = 1,#lists do
********0         minn = min(minn,#(lists[i]))
              end
********0     for i = 1,minn do
********0         local args,k = {},1
********0         for j = 1,#lists do
********0             args[k] = lists[j][i]
********0             k = k + 1
                  end
********0         res[#res+1] = fun(unpack(args))
              end
********0     return res
          end

          --- call the function with the key and value pairs from a table.
          -- The function can return a value and a key (note the order!). If both
          -- are not nil, then this pair is inserted into the result: if the key already exists, we convert the value for that
          -- key into a table and append into it. If only value is not nil, then it is appended to the result.
          -- @within MappingAndFiltering
          -- @func fun A function which will be passed each key and value as arguments, plus any extra arguments to pairmap.
          -- @tab t A table
          -- @param ... optional arguments
          -- @usage pairmap(function(k,v) return v end,{fred=10,bonzo=20}) is {10,20} _or_ {20,10}
          -- @usage pairmap(function(k,v) return {k,v},k end,{one=1,two=2}) is {one={'one',1},two={'two',2}}
********0 function tablex.pairmap(fun,t,...)
********0     assert_arg_iterable(1,t)
********0     fun = function_arg(1,fun)
********0     local res = {}
********0     for k,v in pairs(t) do
********0         local rv,rk = fun(k,v,...)
********0         if rk then
********0             if res[rk] then
********0                 if type(res[rk]) == 'table' then
********0                     table.insert(res[rk],rv)
                          else
********0                     res[rk] = {res[rk], rv}
                          end
                      else
********0                 res[rk] = rv
                      end
                  else
********0             res[#res+1] = rv
                  end
              end
********0     return res
          end

********0 local function keys_op(i,v) return i end

          --- return all the keys of a table in arbitrary order.
          -- @within Extraction
          -- @tab t A list-like table where the values are the keys of the input table
********0 function tablex.keys(t)
********0     assert_arg_iterable(1,t)
********0     return makelist(tablex.pairmap(keys_op,t))
          end

********0 local function values_op(i,v) return v end

          --- return all the values of the table in arbitrary order
          -- @within Extraction
          -- @tab t A list-like table where the values are the values of the input table
********0 function tablex.values(t)
********0     assert_arg_iterable(1,t)
********0     return makelist(tablex.pairmap(values_op,t))
          end

********0 local function index_map_op (i,v) return i,v end

          --- create an index map from a list-like table. The original values become keys,
          -- and the associated values are the indices into the original list.
          -- @array t a list-like table
          -- @return a map-like table
********0 function tablex.index_map (t)
********0     assert_arg_indexable(1,t)
********0     return makemap(tablex.pairmap(index_map_op,t))
          end

********0 local function set_op(i,v) return true,v end

          --- create a set from a list-like table. A set is a table where the original values
          -- become keys, and the associated values are all true.
          -- @array t a list-like table
          -- @return a set (a map-like table)
********0 function tablex.makeset (t)
********0     assert_arg_indexable(1,t)
********0     return setmetatable(tablex.pairmap(set_op,t),require('pl.Set'))
          end

          --- combine two tables, either as union or intersection. Corresponds to
          -- set operations for sets () but more general. Not particularly
          -- useful for list-like tables.
          -- @within Merging
          -- @tab t1 a table
          -- @tab t2 a table
          -- @bool dup true for a union, false for an intersection.
          -- @usage merge({alice=23,fred=34},{bob=25,fred=34}) is {fred=34}
          -- @usage merge({alice=23,fred=34},{bob=25,fred=34},true) is {bob=25,fred=34,alice=23}
          -- @see tablex.index_map
********0 function tablex.merge (t1,t2,dup)
********0     assert_arg_iterable(1,t1)
********0     assert_arg_iterable(2,t2)
********0     local res = {}
********0     for k,v in pairs(t1) do
********0         if dup or t2[k] then res[k] = v end
              end
********0     if dup then
********0       for k,v in pairs(t2) do
********0         res[k] = v
                end
              end
********0     return setmeta(res,t1,'Map')
          end

          --- the union of two map-like tables.
          -- If there are duplicate keys, the second table wins.
          -- @tab t1 a table
          -- @tab t2 a table
          -- @treturn tab
          -- @see tablex.merge
********0 function tablex.union(t1, t2)
********0     return tablex.merge(t1, t2, true)
          end

          --- the intersection of two map-like tables.
          -- @tab t1 a table
          -- @tab t2 a table
          -- @treturn tab
          -- @see tablex.merge
********0 function tablex.intersection(t1, t2)
********0     return tablex.merge(t1, t2, false)
          end

          --- a new table which is the difference of two tables.
          -- With sets (where the values are all true) this is set difference and
          -- symmetric difference depending on the third parameter.
          -- @within Merging
          -- @tab s1 a map-like table or set
          -- @tab s2 a map-like table or set
          -- @bool symm symmetric difference (default false)
          -- @return a map-like table or set
********0 function tablex.difference (s1,s2,symm)
********0     assert_arg_iterable(1,s1)
********0     assert_arg_iterable(2,s2)
********0     local res = {}
********0     for k,v in pairs(s1) do
********0         if s2[k] == nil then res[k] = v end
              end
********0     if symm then
********0         for k,v in pairs(s2) do
********0             if s1[k] == nil then res[k] = v end
                  end
              end
********0     return setmeta(res,s1,'Map')
          end

          --- A table where the key/values are the values and value counts of the table.
          -- @array t a list-like table
          -- @func cmp a function that defines equality (otherwise uses ==)
          -- @return a map-like table
          -- @see seq.count_map
********0 function tablex.count_map (t,cmp)
********0     assert_arg_indexable(1,t)
********0     local res,mask = {},{}
********0     cmp = function_arg(2,cmp or '==')
********0     local n = #t
********0     for i = 1,#t do
********0         local v = t[i]
********0         if not mask[v] then
********0             mask[v] = true
                      -- check this value against all other values
********0             res[v] = 1  -- there's at least one instance
********0             for j = i+1,n do
********0                 local w = t[j]
********0                 local ok = cmp(v,w)
********0                 if ok then
********0                     res[v] = res[v] + 1
********0                     mask[w] = true
                          end
                      end
                  end
              end
********0     return makemap(res)
          end

          --- filter an array's values using a predicate function
          -- @within MappingAndFiltering
          -- @array t a list-like table
          -- @func pred a boolean function
          -- @param arg optional argument to be passed as second argument of the predicate
********0 function tablex.filter (t,pred,arg)
        6     assert_arg_indexable(1,t)
        6     pred = function_arg(2,pred)
        6     local res,k = {},1
       38     for i = 1,#t do
       32         local v = t[i]
       32         if pred(v,arg) then
       18             res[k] = v
       18             k = k + 1
                  end
              end
        6     return setmeta(res,t,'List')
          end

          --- return a table where each element is a table of the ith values of an arbitrary
          -- number of tables. It is equivalent to a matrix transpose.
          -- @within Merging
          -- @usage zip({10,20,30},{100,200,300}) is {{10,100},{20,200},{30,300}}
          -- @array ... arrays to be zipped
********0 function tablex.zip(...)
********0     return tablex.mapn(function(...) return {...} end,...)
          end

          local _copy
********0 function _copy (dest,src,idest,isrc,nsrc,clean_tail)
********0     idest = idest or 1
********0     isrc = isrc or 1
              local iend
********0     if not nsrc then
********0         nsrc = #src
********0         iend = #src
              else
********0         iend = isrc + min(nsrc-1,#src-isrc)
              end
********0     if dest == src then -- special case
********0         if idest > isrc and iend >= idest then -- overlapping ranges
********0             src = tablex.sub(src,isrc,nsrc)
********0             isrc = 1; iend = #src
                  end
              end
********0     for i = isrc,iend do
********0         dest[idest] = src[i]
********0         idest = idest + 1
              end
********0     if clean_tail then
********0         tablex.clear(dest,idest)
              end
********0     return dest
          end

          --- copy an array into another one, clearing `dest` after `idest+nsrc`, if necessary.
          -- @within Copying
          -- @array dest a list-like table
          -- @array src a list-like table
          -- @int[opt=1] idest where to start copying values into destination
          -- @int[opt=1] isrc where to start copying values from source
          -- @int[opt=#src] nsrc number of elements to copy from source
********0 function tablex.icopy (dest,src,idest,isrc,nsrc)
********0     assert_arg_indexable(1,dest)
********0     assert_arg_indexable(2,src)
********0     return _copy(dest,src,idest,isrc,nsrc,true)
          end

          --- copy an array into another one.
          -- @within Copying
          -- @array dest a list-like table
          -- @array src a list-like table
          -- @int[opt=1] idest where to start copying values into destination
          -- @int[opt=1] isrc where to start copying values from source
          -- @int[opt=#src] nsrc number of elements to copy from source
********0 function tablex.move (dest,src,idest,isrc,nsrc)
********0     assert_arg_indexable(1,dest)
********0     assert_arg_indexable(2,src)
********0     return _copy(dest,src,idest,isrc,nsrc,false)
          end

********0 function tablex._normalize_slice(self,first,last)
********0   local sz = #self
********0   if not first then first=1 end
********0   if first<0 then first=sz+first+1 end
            -- make the range _inclusive_!
********0   if not last then last=sz end
********0   if last < 0 then last=sz+1+last end
********0   return first,last
          end

          --- Extract a range from a table, like  'string.sub'.
          -- If first or last are negative then they are relative to the end of the list
          -- eg. sub(t,-2) gives last 2 entries in a list, and
          -- sub(t,-4,-2) gives from -4th to -2nd
          -- @within Extraction
          -- @array t a list-like table
          -- @int first An index
          -- @int last An index
          -- @return a new List
********0 function tablex.sub(t,first,last)
********0     assert_arg_indexable(1,t)
********0     first,last = tablex._normalize_slice(t,first,last)
********0     local res={}
********0     for i=first,last do append(res,t[i]) end
********0     return setmeta(res,t,'List')
          end

          --- set an array range to a value. If it's a function we use the result
          -- of applying it to the indices.
          -- @array t a list-like table
          -- @param val a value
          -- @int[opt=1] i1 start range
          -- @int[opt=#t] i2 end range
********0 function tablex.set (t,val,i1,i2)
********0     assert_arg_indexable(1,t)
********0     i1,i2 = i1 or 1,i2 or #t
********0     if types.is_callable(val) then
********0         for i = i1,i2 do
********0             t[i] = val(i)
                  end
              else
********0         for i = i1,i2 do
********0             t[i] = val
                  end
              end
          end

          --- create a new array of specified size with initial value.
          -- @int n size
          -- @param val initial value (can be `nil`, but don't expect `#` to work!)
          -- @return the table
********0 function tablex.new (n,val)
********0     local res = {}
********0     tablex.set(res,val,1,n)
********0     return res
          end

          --- clear out the contents of a table.
          -- @array t a list
          -- @param istart optional start position
********0 function tablex.clear(t,istart)
********0     istart = istart or 1
********0     for i = istart,#t do remove(t) end
          end

          --- insert values into a table.
          -- similar to `table.insert` but inserts values from given table `values`,
          -- not the object itself, into table `t` at position `pos`.
          -- @within Copying
          -- @array t the list
          -- @int[opt] position (default is at end)
          -- @array values
********0 function tablex.insertvalues(t, ...)
        3     assert_arg(1,t,'table')
              local pos, values
        3     if select('#', ...) == 1 then
        3         pos,values = #t+1, ...
              else
********0         pos,values = ...
              end
        3     if #values > 0 then
        3         for i=#t,pos,-1 do
********0             t[i+#values] = t[i]
                  end
        3         local offset = 1 - pos
       12         for i=pos,pos+#values-1 do
        9             t[i] = values[i + offset]
                  end
              end
        3     return t
          end

          --- remove a range of values from a table.
          -- End of range may be negative.
          -- @array t a list-like table
          -- @int i1 start index
          -- @int i2 end index
          -- @return the table
********0 function tablex.removevalues (t,i1,i2)
********0     assert_arg(1,t,'table')
********0     i1,i2 = tablex._normalize_slice(t,i1,i2)
********0     for i = i1,i2 do
********0         remove(t,i1)
              end
********0     return t
          end

          local _find
          _find = function (t,value,tables)
********0     for k,v in pairs(t) do
********0         if v == value then return k end
              end
********0     for k,v in pairs(t) do
********0         if not tables[v] and type(v) == 'table' then
********0             tables[v] = true
********0             local res = _find(v,value,tables)
********0             if res then
********0                 res = tostring(res)
********0                 if type(k) ~= 'string' then
********0                     return '['..k..']'..res
                          else
********0                     return k..'.'..res
                          end
                      end
                  end
              end
          end

          --- find a value in a table by recursive search.
          -- @within Finding
          -- @tab t the table
          -- @param value the value
          -- @array[opt] exclude any tables to avoid searching
          -- @return a fieldspec, e.g. 'a.b' or 'math.sin'
          -- @usage search(_G,math.sin,{package.path}) == 'math.sin'
********0 function tablex.search (t,value,exclude)
********0     assert_arg_iterable(1,t)
********0     local tables = {[t]=true}
********0     if exclude then
********0         for _,v in pairs(exclude) do tables[v] = true end
              end
********0     return _find(t,value,tables)
          end

          --- return an iterator to a table sorted by its keys
          -- @within Iterating
          -- @tab t the table
          -- @func f an optional comparison function (f(x,y) is true if x < y)
          -- @usage for k,v in tablex.sort(t) do print(k,v) end
          -- @return an iterator to traverse elements sorted by the keys
********0 function tablex.sort(t,f)
********0     local keys = {}
********0     for k in pairs(t) do keys[#keys + 1] = k end
********0     tsort(keys,f)
********0     local i = 0
              return function()
********0         i = i + 1
********0         return keys[i], t[keys[i]]
              end
          end

          --- return an iterator to a table sorted by its values
          -- @within Iterating
          -- @tab t the table
          -- @func f an optional comparison function (f(x,y) is true if x < y)
          -- @usage for k,v in tablex.sortv(t) do print(k,v) end
          -- @return an iterator to traverse elements sorted by the values
********0 function tablex.sortv(t,f)
********0     f = function_arg(2, f or '<')
********0     local keys = {}
********0     for k in pairs(t) do keys[#keys + 1] = k end
********0     tsort(keys,function(x, y) return f(t[x], t[y]) end)
********0     local i = 0
              return function()
********0         i = i + 1
********0         return keys[i], t[keys[i]]
              end
          end

          --- modifies a table to be read only.
          -- This only offers weak protection. Tables can still be modified with
          -- `table.insert` and `rawset`.
          --
          -- *NOTE*: for Lua 5.1 length, pairs and ipairs will not work, since the
          -- equivalent metamethods are only available in Lua 5.2 and newer.
          -- @tab t the table
          -- @return the table read only (a proxy).
********0 function tablex.readonly(t)
********0     local mt = {
                  __index=t,
                  __newindex=function(t, k, v) error("Attempt to modify read-only table", 2) end,
                  __pairs=function() return pairs(t) end,
                  __ipairs=function() return ipairs(t) end,
                  __len=function() return #t end,
********0         __metatable=false
              }
********0     return setmetatable({}, mt)
          end

********0 return tablex

==============================================================================
/home/tiago/work/lua/lua-gdpr-iab-tcfv2/.rocks/share/lua/5.1/pl/types.lua
==============================================================================
          ---- Dealing with Detailed Type Information

          -- Dependencies `pl.utils`
          -- @module pl.types

********0 local utils = require 'pl.utils'
********0 local math_ceil = math.ceil
********0 local assert_arg = utils.assert_arg
********0 local types = {}

          do
              -- we prefer debug.getmetatable, but only if available
********0     local gmt = (debug or {}).getmetatable or getmetatable

              --- is the object either a function or a callable object?.
              -- @param obj Object to check.
********0     function types.is_callable (obj)
********0         if type(obj) == 'function' then
********0             return true
                  end
********0         local mt = gmt(obj)
********0         if not mt then
********0             return false
                  end
********0         return type(rawget(mt, "__call")) == "function"
              end
          end

          --- is the object of the specified type?.
          -- If the type is a string, then use type, otherwise compare with metatable.
          --
          -- NOTE: this function is imported from `utils.is_type`.
          -- @param obj An object to check
          -- @param tp The expected type
          -- @function is_type
          -- @see utils.is_type
********0 types.is_type = utils.is_type

********0 local fileMT = getmetatable(io.stdout)

          --- a string representation of a type.
          -- For tables and userdata with metatables, we assume that the metatable has a `_name`
          -- field. If the field is not present it will return 'unknown table' or
          -- 'unknown userdata'.
          -- Lua file objects return the type 'file'.
          -- @param obj an object
          -- @return a string like 'number', 'table', 'file' or 'List'
********0 function types.type (obj)
********0     local t = type(obj)
********0     if t == 'table' or t == 'userdata' then
********0         local mt = getmetatable(obj)
********0         if mt == fileMT then
********0             return 'file'
********0         elseif mt == nil then
********0             return t
                  else
                      -- TODO: the "unknown" is weird, it should just return the type
********0             return mt._name or "unknown "..t
                  end
              else
********0         return t
              end
          end

          --- is this number an integer?
          -- @param x a number
          -- @raise error if x is not a number
          -- @return boolean
********0 function types.is_integer (x)
********0     return math_ceil(x)==x
          end

          --- Check if the object is "empty".
          -- An object is considered empty if it is:
          --
          -- - `nil`
          -- - a table without any items (key-value pairs or indexes)
          -- - a string with no content ("")
          -- - not a nil/table/string
          -- @param o The object to check if it is empty.
          -- @param ignore_spaces If the object is a string and this is true the string is
          -- considered empty if it only contains spaces.
          -- @return `true` if the object is empty, otherwise a falsy value.
********0 function types.is_empty(o, ignore_spaces)
********0     if o == nil then
********0         return true
********0     elseif type(o) == "table" then
********0         return next(o) == nil
********0     elseif type(o) == "string" then
********0         return o == "" or (not not ignore_spaces and (not not o:find("^%s+$")))
              else
********0         return true
              end
          end

          local function check_meta (val)
       18     if type(val) == 'table' then return true end
********0     return getmetatable(val)
          end

          --- is an object 'array-like'?
          -- An object is array like if:
          --
          -- - it is a table, or
          -- - it has a metatable with `__len` and `__index` methods
          --
          -- NOTE: since `__len` is 5.2+, on 5.1 is usually returns `false` for userdata
          -- @param val any value.
          -- @return `true` if the object is array-like, otherwise a falsy value.
********0 function types.is_indexable (val)
        6     local mt = check_meta(val)
        6     if mt == true then return true end
********0     return mt and mt.__len and mt.__index and true
          end

          --- can an object be iterated over with `pairs`?
          -- An object is iterable if:
          --
          -- - it is a table, or
          -- - it has a metatable with a `__pairs` meta method
          --
          -- NOTE: since `__pairs` is 5.2+, on 5.1 is usually returns `false` for userdata
          -- @param val any value.
          -- @return `true` if the object is iterable, otherwise a falsy value.
********0 function types.is_iterable (val)
       12     local mt = check_meta(val)
       12     if mt == true then return true end
********0     return mt and mt.__pairs and true
          end

          --- can an object accept new key/pair values?
          -- An object is iterable if:
          --
          -- - it is a table, or
          -- - it has a metatable with a `__newindex` meta method
          --
          -- @param val any value.
          -- @return `true` if the object is writeable, otherwise a falsy value.
********0 function types.is_writeable (val)
********0     local mt = check_meta(val)
********0     if mt == true then return true end
********0     return mt and mt.__newindex and true
          end

          -- Strings that should evaluate to true.   -- TODO: add on/off ???
********0 local trues = { yes=true, y=true, ["true"]=true, t=true, ["1"]=true }
          -- Conditions types should evaluate to true.
********0 local true_types = {
              boolean=function(o, true_strs, check_objs) return o end,
              string=function(o, true_strs, check_objs)
********0         o = o:lower()
********0         if trues[o] then
********0             return true
                  end
                  -- Check alternative user provided strings.
********0         for _,v in ipairs(true_strs or {}) do
********0             if type(v) == "string" and o == v:lower() then
********0                 return true
                      end
                  end
********0         return false
              end,
              number=function(o, true_strs, check_objs) return o ~= 0 end,
********0     table=function(o, true_strs, check_objs) if check_objs and next(o) ~= nil then return true end return false end
          }
          --- Convert to a boolean value.
          -- True values are:
          --
          -- * boolean: true.
          -- * string: 'yes', 'y', 'true', 't', '1' or additional strings specified by `true_strs`.
          -- * number: Any non-zero value.
          -- * table: Is not empty and `check_objs` is true.
          -- * everything else: Is not `nil` and `check_objs` is true.
          --
          -- @param o The object to evaluate.
          -- @param[opt] true_strs optional Additional strings that when matched should evaluate to true. Comparison is case insensitive.
          -- This should be a List of strings. E.g. "ja" to support German.
          -- @param[opt] check_objs True if objects should be evaluated.
          -- @return true if the input evaluates to true, otherwise false.
********0 function types.to_bool(o, true_strs, check_objs)
              local true_func
********0     if true_strs then
********0         assert_arg(2, true_strs, "table")
              end
********0     true_func = true_types[type(o)]
********0     if true_func then
********0         return true_func(o, true_strs, check_objs)
********0     elseif check_objs and o ~= nil then
********0         return true
              end
********0     return false
          end


********0 return types

==============================================================================
/home/tiago/work/lua/lua-gdpr-iab-tcfv2/.rocks/share/lua/5.1/pl/utils.lua
==============================================================================
          --- Generally useful routines.
          -- See  @{01-introduction.md.Generally_useful_functions|the Guide}.
          --
          -- Dependencies: `pl.compat`, all exported fields and functions from
          -- `pl.compat` are also available in this module.
          --
          -- @module pl.utils
********0 local format = string.format
********0 local compat = require 'pl.compat'
********0 local stdout = io.stdout
********0 local append = table.insert
********0 local concat = table.concat
********0 local _unpack = table.unpack  -- always injected by 'compat'
********0 local find = string.find
********0 local sub = string.sub
********0 local next = next
********0 local floor = math.floor

********0 local is_windows = compat.is_windows
********0 local err_mode = 'default'
          local raise
          local operators
********0 local _function_factories = {}


********0 local utils = { _VERSION = "1.15.0" }

********0 for k, v in pairs(compat) do utils[k] = v  end

          --- Some standard patterns
          -- @table patterns
********0 utils.patterns = {
              FLOAT = '[%+%-%d]%d*%.?%d*[eE]?[%+%-]?%d*', -- floating point number
              INTEGER = '[+%-%d]%d*',                     -- integer number
              IDEN = '[%a_][%w_]*',                       -- identifier
              FILE = '[%a%.\\][:%][%w%._%-\\]*',          -- file
          }


          --- Standard meta-tables as used by other Penlight modules
          -- @table stdmt
          -- @field List the List metatable
          -- @field Map the Map metatable
          -- @field Set the Set metatable
          -- @field MultiMap the MultiMap metatable
********0 utils.stdmt = {
              List = {_name='List'},
              Map = {_name='Map'},
              Set = {_name='Set'},
              MultiMap = {_name='MultiMap'},
          }


          --- pack an argument list into a table.
          -- @param ... any arguments
          -- @return a table with field `n` set to the length
          -- @function utils.pack
          -- @see compat.pack
          -- @see utils.npairs
          -- @see utils.unpack
********0 utils.pack = table.pack  -- added here to be symmetrical with unpack

          --- unpack a table and return its contents.
          --
          -- NOTE: this implementation differs from the Lua implementation in the way
          -- that this one DOES honor the `n` field in the table `t`, such that it is 'nil-safe'.
          -- @param t table to unpack
          -- @param[opt] i index from which to start unpacking, defaults to 1
          -- @param[opt] j index of the last element to unpack, defaults to `t.n` or else `#t`
          -- @return multiple return values from the table
          -- @function utils.unpack
          -- @see compat.unpack
          -- @see utils.pack
          -- @see utils.npairs
          -- @usage
          -- local t = table.pack(nil, nil, nil, 4)
          -- local a, b, c, d = table.unpack(t)   -- this `unpack` is NOT nil-safe, so d == nil
          --
          -- local a, b, c, d = utils.unpack(t)   -- this is nil-safe, so d == 4
********0 function utils.unpack(t, i, j)
********0     return _unpack(t, i or 1, j or t.n or #t)
          end

          --- print an arbitrary number of arguments using a format.
          -- Output will be sent to `stdout`.
          -- @param fmt The format (see `string.format`)
          -- @param ... Extra arguments for format
********0 function utils.printf(fmt, ...)
********0     utils.assert_string(1, fmt)
********0     utils.fprintf(stdout, fmt, ...)
          end

          --- write an arbitrary number of arguments to a file using a format.
          -- @param f File handle to write to.
          -- @param fmt The format (see `string.format`).
          -- @param ... Extra arguments for format
********0 function utils.fprintf(f,fmt,...)
********0     utils.assert_string(2,fmt)
********0     f:write(format(fmt,...))
          end

          do
              local function import_symbol(T,k,v,libname)
********0         local key = rawget(T,k)
                  -- warn about collisions!
********0         if key and k ~= '_M' and k ~= '_NAME' and k ~= '_PACKAGE' and k ~= '_VERSION' then
********0             utils.fprintf(io.stderr,"warning: '%s.%s' will not override existing symbol\n",libname,k)
********0             return
                  end
********0         rawset(T,k,v)
              end

              local function lookup_lib(T,t)
********0         for k,v in pairs(T) do
********0             if v == t then return k end
                  end
********0         return '?'
              end

********0     local already_imported = {}

              --- take a table and 'inject' it into the local namespace.
              -- @param t The table (table), or module name (string), defaults to this `utils` module table
              -- @param T An optional destination table (defaults to callers environment)
********0     function utils.import(t,T)
********0         T = T or _G
********0         t = t or utils
********0         if type(t) == 'string' then
********0             t = require (t)
                  end
********0         local libname = lookup_lib(T,t)
********0         if already_imported[t] then return end
********0         already_imported[t] = libname
********0         for k,v in pairs(t) do
********0             import_symbol(T,k,v,libname)
                  end
              end
          end

          --- return either of two values, depending on a condition.
          -- @param cond A condition
          -- @param value1 Value returned if cond is truthy
          -- @param value2 Value returned if cond is falsy
********0 function utils.choose(cond, value1, value2)
********0     if cond then
********0         return value1
              else
********0         return value2
              end
          end

          --- convert an array of values to strings.
          -- @param t a list-like table
          -- @param[opt] temp (table) buffer to use, otherwise allocate
          -- @param[opt] tostr custom tostring function, called with (value,index). Defaults to `tostring`.
          -- @return the converted buffer
********0 function utils.array_tostring (t,temp,tostr)
********0     temp, tostr = temp or {}, tostr or tostring
********0     for i = 1,#t do
********0         temp[i] = tostr(t[i],i)
              end
********0     return temp
          end



          --- is the object of the specified type?
          -- If the type is a string, then use type, otherwise compare with metatable
          -- @param obj An object to check
          -- @param tp String of what type it should be
          -- @return boolean
          -- @usage utils.is_type("hello world", "string")   --> true
          -- -- or check metatable
          -- local my_mt = {}
          -- local my_obj = setmetatable(my_obj, my_mt)
          -- utils.is_type(my_obj, my_mt)  --> true
********0 function utils.is_type (obj,tp)
********0     if type(tp) == 'string' then return type(obj) == tp end
********0     local mt = getmetatable(obj)
********0     return tp == mt
          end



          --- an iterator with indices, similar to `ipairs`, but with a range.
          -- This is a nil-safe index based iterator that will return `nil` when there
          -- is a hole in a list. To be safe ensure that table `t.n` contains the length.
          -- @tparam table t the table to iterate over
          -- @tparam[opt=1] integer i_start start index
          -- @tparam[opt=t.n or #t] integer i_end end index
          -- @tparam[opt=1] integer step step size
          -- @treturn integer index
          -- @treturn any value at index (which can be `nil`!)
          -- @see utils.pack
          -- @see utils.unpack
          -- @usage
          -- local t = utils.pack(nil, 123, nil)  -- adds an `n` field when packing
          --
          -- for i, v in utils.npairs(t, 2) do  -- start at index 2
          --   t[i] = tostring(t[i])
          -- end
          --
          -- -- t = { n = 3, [2] = "123", [3] = "nil" }
********0 function utils.npairs(t, i_start, i_end, step)
********0   step = step or 1
********0   if step == 0 then
********0     error("iterator step-size cannot be 0", 2)
            end
********0   local i = (i_start or 1) - step
********0   i_end = i_end or t.n or #t
********0   if step < 0 then
              return function()
********0       i = i + step
********0       if i < i_end then
********0         return nil
                end
********0       return i, t[i]
              end

            else
              return function()
********0       i = i + step
********0       if i > i_end then
********0         return nil
                end
********0       return i, t[i]
              end
            end
          end



          --- an iterator over all non-integer keys (inverse of `ipairs`).
          -- It will skip any key that is an integer number, so negative indices or an
          -- array with holes will not return those either (so it returns slightly less than
          -- 'the inverse of `ipairs`').
          --
          -- This uses `pairs` under the hood, so any value that is iterable using `pairs`
          -- will work with this function.
          -- @tparam table t the table to iterate over
          -- @treturn key
          -- @treturn value
          -- @usage
          -- local t = {
          --   "hello",
          --   "world",
          --   hello = "hallo",
          --   world = "Welt",
          -- }
          --
          -- for k, v in utils.kpairs(t) do
          --   print("German: ", v)
          -- end
          --
          -- -- output;
          -- -- German: hallo
          -- -- German: Welt
********0 function utils.kpairs(t)
            local index
            return function()
              local value
              while true do
********0       index, value = next(t, index)
********0       if type(index) ~= "number" or floor(index) ~= index then
                  break
                end
              end
********0     return index, value
            end
          end



          --- Error handling
          -- @section Error-handling

          --- assert that the given argument is in fact of the correct type.
          -- @param n argument index
          -- @param val the value
          -- @param tp the type
          -- @param verify an optional verification function
          -- @param msg an optional custom message
          -- @param lev optional stack position for trace, default 2
          -- @return the validated value
          -- @raise if `val` is not the correct type
          -- @usage
          -- local param1 = assert_arg(1,"hello",'table')  --> error: argument 1 expected a 'table', got a 'string'
          -- local param4 = assert_arg(4,'!@#$%^&*','string',path.isdir,'not a directory')
          --      --> error: argument 4: '!@#$%^&*' not a directory
********0 function utils.assert_arg (n,val,tp,verify,msg,lev)
      408     if type(val) ~= tp then
********0         error(("argument %d expected a '%s', got a '%s'"):format(n,tp,type(val)),lev or 2)
              end
      408     if verify and not verify(val) then
********0         error(("argument %d: '%s' %s"):format(n,val,msg),lev or 2)
              end
      408     return val
          end

          --- creates an Enum or constants lookup table for improved error handling.
          -- This helps prevent magic strings in code by throwing errors for accessing
          -- non-existing values, and/or converting strings/identifiers to other values.
          --
          -- Calling on the object does the same, but returns a soft error; `nil + err`, if
          -- the call is successful (the key exists), it will return the value.
          --
          -- When calling with varargs or an array the values will be equal to the keys.
          -- The enum object is read-only.
          -- @tparam table|vararg ... the input for the Enum. If varargs or an array then the
          -- values in the Enum will be equal to the names (must be strings), if a hash-table
          -- then values remain (any type), and the keys must be strings.
          -- @return Enum object (read-only table/object)
          -- @usage -- Enum access at runtime
          -- local obj = {}
          -- obj.MOVEMENT = utils.enum("FORWARD", "REVERSE", "LEFT", "RIGHT")
          --
          -- if current_movement == obj.MOVEMENT.FORWARD then
          --   -- do something
          --
          -- elseif current_movement == obj.MOVEMENT.REVERES then
          --   -- throws error due to typo 'REVERES', so a silent mistake becomes a hard error
          --   -- "'REVERES' is not a valid value (expected one of: 'FORWARD', 'REVERSE', 'LEFT', 'RIGHT')"
          --
          -- end
          -- @usage -- standardized error codes
          -- local obj = {
          --   ERR = utils.enum {
          --     NOT_FOUND = "the item was not found",
          --     OUT_OF_BOUNDS = "the index is outside the allowed range"
          --   },
          --
          --   some_method = function(self)
          --     return nil, self.ERR.OUT_OF_BOUNDS
          --   end,
          -- }
          --
          -- local result, err = obj:some_method()
          -- if not result then
          --   if err == obj.ERR.NOT_FOUND then
          --     -- check on error code, not magic strings
          --
          --   else
          --     -- return the error description, contained in the constant
          --     return nil, "error: "..err  -- "error: the index is outside the allowed range"
          --   end
          -- end
          -- @usage -- validating/converting user-input
          -- local color = "purple"
          -- local ansi_colors = utils.enum {
          --   black     = 30,
          --   red       = 31,
          --   green     = 32,
          -- }
          -- local color_code, err = ansi_colors(color) -- calling on the object, returns the value from the enum
          -- if not color_code then
          --   print("bad 'color', " .. err)
          --   -- "bad 'color', 'purple' is not a valid value (expected one of: 'black', 'red', 'green')"
          --   os.exit(1)
          -- end
********0 function utils.enum(...)
********0   local first = select(1, ...)
********0   local enum = {}
            local lst

********0   if type(first) ~= "table" then
              -- vararg with strings
********0     lst = utils.pack(...)
********0     for i, value in utils.npairs(lst) do
********0       utils.assert_arg(i, value, "string")
********0       enum[value] = value
              end

            else
              -- table/array with values
********0     utils.assert_arg(1, first, "table")
********0     lst = {}
              -- first add array part
********0     for i, value in ipairs(first) do
********0       if type(value) ~= "string" then
********0         error(("expected 'string' but got '%s' at index %d"):format(type(value), i), 2)
                end
********0       lst[i] = value
********0       enum[value] = value
              end
              -- add key-ed part
********0     for key, value in utils.kpairs(first) do
********0       if type(key) ~= "string" then
********0         error(("expected key to be 'string' but got '%s'"):format(type(key)), 2)
                end
********0       if enum[key] then
********0         error(("duplicate entry in array and hash part: '%s'"):format(key), 2)
                end
********0       enum[key] = value
********0       lst[#lst+1] = key
              end
            end

********0   if not lst[1] then
********0     error("expected at least 1 entry", 2)
            end

********0   local valid = "(expected one of: '" .. concat(lst, "', '") .. "')"
********0   setmetatable(enum, {
              __index = function(self, key)
********0       error(("'%s' is not a valid value %s"):format(tostring(key), valid), 2)
              end,
              __newindex = function(self, key, value)
********0       error("the Enum object is read-only", 2)
              end,
              __call = function(self, key)
********0       if type(key) == "string" then
********0         local v = rawget(self, key)
********0         if v ~= nil then
********0           return v
                  end
                end
********0       return nil, ("'%s' is not a valid value %s"):format(tostring(key), valid)
              end
            })

********0   return enum
          end


          --- process a function argument.
          -- This is used throughout Penlight and defines what is meant by a function:
          -- Something that is callable, or an operator string as defined by <code>pl.operator</code>,
          -- such as '>' or '#'. If a function factory has been registered for the type, it will
          -- be called to get the function.
          -- @param idx argument index
          -- @param f a function, operator string, or callable object
          -- @param msg optional error message
          -- @return a callable
          -- @raise if idx is not a number or if f is not callable
********0 function utils.function_arg (idx,f,msg)
        6     utils.assert_arg(1,idx,'number')
        6     local tp = type(f)
        6     if tp == 'function' then return f end  -- no worries!
              -- ok, a string can correspond to an operator (like '==')
********0     if tp == 'string' then
********0         if not operators then operators = require 'pl.operator'.optable end
********0         local fn = operators[f]
********0         if fn then return fn end
********0         local fn, err = utils.string_lambda(f)
********0         if not fn then error(err..': '..f) end
********0         return fn
********0     elseif tp == 'table' or tp == 'userdata' then
********0         local mt = getmetatable(f)
********0         if not mt then error('not a callable object',2) end
********0         local ff = _function_factories[mt]
********0         if not ff then
********0             if not mt.__call then error('not a callable object',2) end
********0             return f
                  else
********0             return ff(f) -- we have a function factory for this type!
                  end
              end
********0     if not msg then msg = " must be callable" end
********0     if idx > 0 then
********0         error("argument "..idx..": "..msg,2)
              else
********0         error(msg,2)
              end
          end


          --- assert the common case that the argument is a string.
          -- @param n argument index
          -- @param val a value that must be a string
          -- @return the validated value
          -- @raise val must be a string
          -- @usage
          -- local val = 42
          -- local param2 = utils.assert_string(2, val) --> error: argument 2 expected a 'string', got a 'number'
********0 function utils.assert_string (n, val)
      396     return utils.assert_arg(n,val,'string',nil,nil,3)
          end

          --- control the error strategy used by Penlight.
          -- This is a global setting that controls how `utils.raise` behaves:
          --
          -- - 'default': return `nil + error` (this is the default)
          -- - 'error': throw a Lua error
          -- - 'quit': exit the program
          --
          -- @param mode either 'default', 'quit'  or 'error'
          -- @see utils.raise
********0 function utils.on_error (mode)
********0     mode = tostring(mode)
********0     if ({['default'] = 1, ['quit'] = 2, ['error'] = 3})[mode] then
********0       err_mode = mode
              else
                -- fail loudly
********0       local err = "Bad argument expected string; 'default', 'quit', or 'error'. Got '"..tostring(mode).."'"
********0       if err_mode == 'default' then
********0         error(err, 2)  -- even in 'default' mode fail loud in this case
                end
********0       raise(err)
              end
          end

          --- used by Penlight functions to return errors. Its global behaviour is controlled
          -- by `utils.on_error`.
          -- To use this function you MUST use it in conjunction with `return`, since it might
          -- return `nil + error`.
          -- @param err the error string.
          -- @see utils.on_error
          -- @usage
          -- if some_condition then
          --   return utils.raise("some condition was not met")  -- MUST use 'return'!
          -- end
********0 function utils.raise (err)
********0     if err_mode == 'default' then
********0         return nil, err
********0     elseif err_mode == 'quit' then
********0         return utils.quit(err)
              else
********0         error(err, 2)
              end
          end
********0 raise = utils.raise



          --- File handling
          -- @section files

          --- return the contents of a file as a string
          -- @param filename The file path
          -- @param is_bin open in binary mode
          -- @return file contents
********0 function utils.readfile(filename,is_bin)
********0     local mode = is_bin and 'b' or ''
********0     utils.assert_string(1,filename)
********0     local f,open_err = io.open(filename,'r'..mode)
********0     if not f then return raise (open_err) end
********0     local res,read_err = f:read('*a')
********0     f:close()
********0     if not res then
                  -- Errors in io.open have "filename: " prefix,
                  -- error in file:read don't, add it.
********0         return raise (filename..": "..read_err)
              end
********0     return res
          end

          --- write a string to a file
          -- @param filename The file path
          -- @param str The string
          -- @param is_bin open in binary mode
          -- @return true or nil
          -- @return error message
          -- @raise error if filename or str aren't strings
********0 function utils.writefile(filename,str,is_bin)
********0     local mode = is_bin and 'b' or ''
********0     utils.assert_string(1,filename)
********0     utils.assert_string(2,str)
********0     local f,err = io.open(filename,'w'..mode)
********0     if not f then return raise(err) end
********0     local ok, write_err = f:write(str)
********0     f:close()
********0     if not ok then
                  -- Errors in io.open have "filename: " prefix,
                  -- error in file:write don't, add it.
********0         return raise (filename..": "..write_err)
              end
********0     return true
          end

          --- return the contents of a file as a list of lines
          -- @param filename The file path
          -- @return file contents as a table
          -- @raise error if filename is not a string
********0 function utils.readlines(filename)
********0     utils.assert_string(1,filename)
********0     local f,err = io.open(filename,'r')
********0     if not f then return raise(err) end
********0     local res = {}
********0     for line in f:lines() do
********0         append(res,line)
              end
********0     f:close()
********0     return res
          end

          --- OS functions
          -- @section OS-functions

          --- Execute a shell command.
          -- This function is a copy of `compat.execute`.
          -- @class function
          -- @name utils.execute

          --- execute a shell command and return the output.
          -- This function redirects the output to tempfiles and returns the content of those files.
          -- @param cmd a shell command
          -- @param bin boolean, if true, read output as binary file
          -- @return true if successful
          -- @return actual return code
          -- @return stdout output (string)
          -- @return errout output (string)
********0 function utils.executeex(cmd, bin)
********0     local outfile = os.tmpname()
********0     local errfile = os.tmpname()

********0     if is_windows and not outfile:find(':') then
********0         outfile = os.getenv('TEMP')..outfile
********0         errfile = os.getenv('TEMP')..errfile
              end
********0     cmd = cmd .. " > " .. utils.quote_arg(outfile) .. " 2> " .. utils.quote_arg(errfile)

********0     local success, retcode = utils.execute(cmd)
********0     local outcontent = utils.readfile(outfile, bin)
********0     local errcontent = utils.readfile(errfile, bin)
********0     os.remove(outfile)
********0     os.remove(errfile)
********0     return success, retcode, (outcontent or ""), (errcontent or "")
          end

          --- Quote and escape an argument of a command.
          -- Quotes a single (or list of) argument(s) of a command to be passed
          -- to `os.execute`, `pl.utils.execute` or `pl.utils.executeex`.
          -- @param argument (string or table/list) the argument to quote. If a list then
          -- all arguments in the list will be returned as a single string quoted.
          -- @return quoted and escaped argument.
          -- @usage
          -- local options = utils.quote_arg {
          --     "-lluacov",
          --     "-e",
          --     "utils = print(require('pl.utils')._VERSION",
          -- }
          -- -- returns: -lluacov -e 'utils = print(require('\''pl.utils'\'')._VERSION'
********0 function utils.quote_arg(argument)
********0     if type(argument) == "table" then
                  -- encode an entire table
********0         local r = {}
********0         for i, arg in ipairs(argument) do
********0             r[i] = utils.quote_arg(arg)
                  end

********0         return concat(r, " ")
              end
              -- only a single argument
********0     if is_windows then
********0         if argument == "" or argument:find('[ \f\t\v]') then
                      -- Need to quote the argument.
                      -- Quotes need to be escaped with backslashes;
                      -- additionally, backslashes before a quote, escaped or not,
                      -- need to be doubled.
                      -- See documentation for CommandLineToArgvW Windows function.
********0             argument = '"' .. argument:gsub([[(\*)"]], [[%1%1\"]]):gsub([[\+$]], "%0%0") .. '"'
                  end

                  -- os.execute() uses system() C function, which on Windows passes command
                  -- to cmd.exe. Escape its special characters.
********0         return (argument:gsub('["^<>!|&%%]', "^%0"))
              else
********0         if argument == "" or argument:find('[^a-zA-Z0-9_@%+=:,./-]') then
                      -- To quote arguments on posix-like systems use single quotes.
                      -- To represent an embedded single quote close quoted string ('),
                      -- add escaped quote (\'), open quoted string again (').
********0             argument = "'" .. argument:gsub("'", [['\'']]) .. "'"
                  end

********0         return argument
              end
          end

          --- error out of this program gracefully.
          -- @param[opt] code The exit code, defaults to -`1` if omitted
          -- @param msg The exit message will be sent to `stderr` (will be formatted with the extra parameters)
          -- @param ... extra arguments for message's format'
          -- @see utils.fprintf
          -- @usage utils.quit(-1, "Error '%s' happened", "42")
          -- -- is equivalent to
          -- utils.quit("Error '%s' happened", "42")  --> Error '42' happened
********0 function utils.quit(code, msg, ...)
********0     if type(code) == 'string' then
********0         utils.fprintf(io.stderr, code, msg, ...)
********0         io.stderr:write('\n')
********0         code = -1 -- TODO: this is odd, see the test. Which returns 255 as exit code
********0     elseif msg then
********0         utils.fprintf(io.stderr, msg, ...)
********0         io.stderr:write('\n')
              end
********0     os.exit(code, true)
          end


          --- String functions
          -- @section string-functions

          --- escape any Lua 'magic' characters in a string
          -- @param s The input string
********0 function utils.escape(s)
       23     utils.assert_string(1,s)
       23     return (s:gsub('[%-%.%+%[%]%(%)%$%^%%%?%*]','%%%1'))
          end

          --- split a string into a list of strings separated by a delimiter.
          -- @param s The input string
          -- @param re optional A Lua string pattern; defaults to '%s+'
          -- @param plain optional If truthy don't use Lua patterns
          -- @param n optional maximum number of elements (if there are more, the last will remain un-split)
          -- @return a list-like table
          -- @raise error if s is not a string
          -- @see splitv
********0 function utils.split(s,re,plain,n)
********0     utils.assert_string(1,s)
********0     local i1,ls = 1,{}
********0     if not re then re = '%s+' end
********0     if re == '' then return {s} end
              while true do
********0         local i2,i3 = find(s,re,i1,plain)
********0         if not i2 then
********0             local last = sub(s,i1)
********0             if last ~= '' then append(ls,last) end
********0             if #ls == 1 and ls[1] == '' then
********0                 return {}
                      else
********0                 return ls
                      end
                  end
********0         append(ls,sub(s,i1,i2-1))
********0         if n and #ls == n then
********0             ls[#ls] = sub(s,i1)
********0             return ls
                  end
********0         i1 = i3+1
              end
          end

          --- split a string into a number of return values.
          -- Identical to `split` but returns multiple sub-strings instead of
          -- a single list of sub-strings.
          -- @param s the string
          -- @param re A Lua string pattern; defaults to '%s+'
          -- @param plain don't use Lua patterns
          -- @param n optional maximum number of splits
          -- @return n values
          -- @usage first,next = splitv('user=jane=doe','=', false, 2)
          -- assert(first == "user")
          -- assert(next == "jane=doe")
          -- @see split
********0 function utils.splitv (s,re, plain, n)
********0     return _unpack(utils.split(s,re, plain, n))
          end


          --- Functional
          -- @section functional


          --- 'memoize' a function (cache returned value for next call).
          -- This is useful if you have a function which is relatively expensive,
          -- but you don't know in advance what values will be required, so
          -- building a table upfront is wasteful/impossible.
          -- @param func a function that takes exactly one argument (which later serves as the cache key) and returns a single value
          -- @return a function taking one argument and returning a single value either from the cache or by running the original input function
********0 function utils.memoize(func)
********0     local cache = {}
              return function(k)
********0         local res = cache[k]
********0         if res == nil then
********0             res = func(k)
********0             cache[k] = res
                  end
********0         return res
              end
          end


          --- associate a function factory with a type.
          -- A function factory takes an object of the given type and
          -- returns a function for evaluating it
          -- @tab mt metatable
          -- @func fun a callable that returns a function
********0 function utils.add_function_factory (mt,fun)
********0     _function_factories[mt] = fun
          end

          local function _string_lambda(f)
********0     if f:find '^|' or f:find '_' then
********0         local args,body = f:match '|([^|]*)|(.+)'
********0         if f:find '_' then
********0             args = '_'
********0             body = f
                  else
********0             if not args then return raise 'bad string lambda' end
                  end
********0         local fstr = 'return function('..args..') return '..body..' end'
********0         local fn,err = utils.load(fstr)
********0         if not fn then return raise(err) end
********0         fn = fn()
********0         return fn
              else
********0         return raise 'not a string lambda'
              end
          end


          --- an anonymous function as a string. This string is either of the form
          -- '|args| expression' or is a function of one argument, '_'
          -- @param lf function as a string
          -- @return a function
          -- @function utils.string_lambda
          -- @usage
          -- string_lambda '|x|x+1' (2) == 3
          -- string_lambda '_+1' (2) == 3
********0 utils.string_lambda = utils.memoize(_string_lambda)


          --- bind the first argument of the function to a value.
          -- @param fn a function of at least two values (may be an operator string)
          -- @param p a value
          -- @return a function such that f(x) is fn(p,x)
          -- @raise same as @{function_arg}
          -- @see func.bind1
          -- @usage local function f(msg, name)
          --   print(msg .. " " .. name)
          -- end
          --
          -- local hello = utils.bind1(f, "Hello")
          --
          -- print(hello("world"))     --> "Hello world"
          -- print(hello("sunshine"))  --> "Hello sunshine"
********0 function utils.bind1 (fn,p)
********0     fn = utils.function_arg(1,fn)
********0     return function(...) return fn(p,...) end
          end


          --- bind the second argument of the function to a value.
          -- @param fn a function of at least two values (may be an operator string)
          -- @param p a value
          -- @return a function such that f(x) is fn(x,p)
          -- @raise same as @{function_arg}
          -- @usage local function f(a, b, c)
          --   print(a .. " " .. b .. " " .. c)
          -- end
          --
          -- local hello = utils.bind1(f, "world")
          --
          -- print(hello("Hello", "!"))  --> "Hello world !"
          -- print(hello("Bye", "?"))    --> "Bye world ?"
********0 function utils.bind2 (fn,p)
********0     fn = utils.function_arg(1,fn)
********0     return function(x,...) return fn(x,p,...) end
          end




          --- Deprecation
          -- @section deprecation

          do
            -- the default implementation
            local deprecation_func = function(msg, trace)
********0     if trace then
********0       warn(msg, "\n", trace)  -- luacheck: ignore
              else
********0       warn(msg)  -- luacheck: ignore
              end
            end

            --- Sets a deprecation warning function.
            -- An application can override this function to support proper output of
            -- deprecation warnings. The warnings can be generated from libraries or
            -- functions by calling `utils.raise_deprecation`. The default function
            -- will write to the 'warn' system (introduced in Lua 5.4, or the compatibility
            -- function from the `compat` module for earlier versions).
            --
            -- Note: only applications should set/change this function, libraries should not.
            -- @param func a callback with signature: `function(msg, trace)` both arguments are strings, the latter being optional.
            -- @see utils.raise_deprecation
            -- @usage
            -- -- write to the Nginx logs with OpenResty
            -- utils.set_deprecation_func(function(msg, trace)
            --   ngx.log(ngx.WARN, msg, (trace and (" " .. trace) or nil))
            -- end)
            --
            -- -- disable deprecation warnings
            -- utils.set_deprecation_func()
********0   function utils.set_deprecation_func(func)
********0     if func == nil then
********0       deprecation_func = function() end
              else
********0       utils.assert_arg(1, func, "function")
********0       deprecation_func = func
              end
            end

            --- raises a deprecation warning.
            -- For options see the usage example below.
            --
            -- Note: the `opts.deprecated_after` field is the last version in which
            -- a feature or option was NOT YET deprecated! Because when writing the code it
            -- is quite often not known in what version the code will land. But the last
            -- released version is usually known.
            -- @param opts options table
            -- @see utils.set_deprecation_func
            -- @usage
            -- warn("@on")   -- enable Lua warnings, they are usually off by default
            --
            -- function stringx.islower(str)
            --   raise_deprecation {
            --     source = "Penlight " .. utils._VERSION,                   -- optional
            --     message = "function 'islower' was renamed to 'is_lower'", -- required
            --     version_removed = "2.0.0",                                -- optional
            --     deprecated_after = "1.2.3",                               -- optional
            --     no_trace = true,                                          -- optional
            --   }
            --   return stringx.is_lower(str)
            -- end
            -- -- output: "[Penlight 1.9.2] function 'islower' was renamed to 'is_lower' (deprecated after 1.2.3, scheduled for removal in 2.0.0)"
********0   function utils.raise_deprecation(opts)
********0     utils.assert_arg(1, opts, "table")
********0     if type(opts.message) ~= "string" then
********0       error("field 'message' of the options table must be a string", 2)
              end
              local trace
********0     if not opts.no_trace then
********0       trace = debug.traceback("", 2):match("[\n%s]*(.-)$")
              end
              local msg
********0     if opts.deprecated_after and opts.version_removed then
********0       msg = (" (deprecated after %s, scheduled for removal in %s)"):format(
********0         tostring(opts.deprecated_after), tostring(opts.version_removed))
********0     elseif opts.deprecated_after then
********0       msg = (" (deprecated after %s)"):format(tostring(opts.deprecated_after))
********0     elseif opts.version_removed then
********0       msg = (" (scheduled for removal in %s)"):format(tostring(opts.version_removed))
              else
********0       msg = ""
              end

********0     msg = opts.message .. msg

********0     if opts.source then
********0       msg = "[" .. opts.source .."] " .. msg
              else
********0       if msg:sub(1,1) == "@" then
                  -- in Lua 5.4 "@" prefixed messages are control messages to the warn system
********0         error("message cannot start with '@'", 2)
                end
              end

********0     deprecation_func(msg, trace)
            end

          end


********0 return utils



==============================================================================
/home/tiago/work/lua/lua-gdpr-iab-tcfv2/.rocks/share/lua/5.1/say/init.lua
==============================================================================
********0 local unpack = table.unpack or unpack

********0 local registry = { }
          local current_namespace
          local fallback_namespace

********0 local s = {

            _COPYRIGHT   = "Copyright (c) 2012 Olivine Labs, LLC.",
            _DESCRIPTION = "A simple string key/value store for i18n or any other case where you want namespaced strings.",
            _VERSION     = "Say 1.3",

            set_namespace = function(self, namespace)
        3     current_namespace = namespace
        3     if not registry[current_namespace] then
********0       registry[current_namespace] = {}
              end
            end,

            set_fallback = function(self, namespace)
********0     fallback_namespace = namespace
********0     if not registry[fallback_namespace] then
********0       registry[fallback_namespace] = {}
              end
            end,

            set = function(self, key, value)
       57     registry[current_namespace][key] = value
            end
          }

********0 local __meta = {
            __call = function(self, key, vars)
     1574     if vars ~= nil and type(vars) ~= "table" then
********0       error(("expected parameter table to be a table, got '%s'"):format(type(vars)), 2)
              end
     1574     vars = vars or {}
     1574     vars.n = math.max((vars.n or 0), #vars)

     1574     local str = registry[current_namespace][key] or registry[fallback_namespace][key]

     1574     if str == nil then
********0       return nil
              end
     1574     str = tostring(str)
     1574     local strings = {}

     6215     for i = 1, vars.n or #vars do
     4641       table.insert(strings, tostring(vars[i]))
              end

     1574     return #strings > 0 and str:format(unpack(strings)) or str
            end,

            __index = function(self, key)
********0     return registry[key]
            end
          }

********0 s:set_fallback('en')
********0 s:set_namespace('en')

********0 s._registry = registry

********0 return setmetatable(s, __meta)

==============================================================================
/home/tiago/work/lua/lua-gdpr-iab-tcfv2/.rocks/share/lua/5.1/term/colors.lua
==============================================================================
          -- Copyright (c) 2009 Rob Hoelz <rob@hoelzro.net>
          --
          -- Permission is hereby granted, free of charge, to any person obtaining a copy
          -- of this software and associated documentation files (the "Software"), to deal
          -- in the Software without restriction, including without limitation the rights
          -- to use, copy, modify, merge, publish, distribute, sublicense, and/or sell
          -- copies of the Software, and to permit persons to whom the Software is
          -- furnished to do so, subject to the following conditions:
          --
          -- The above copyright notice and this permission notice shall be included in
          -- all copies or substantial portions of the Software.
          --
          -- THE SOFTWARE IS PROVIDED "AS IS", WITHOUT WARRANTY OF ANY KIND, EXPRESS OR
          -- IMPLIED, INCLUDING BUT NOT LIMITED TO THE WARRANTIES OF MERCHANTABILITY,
          -- FITNESS FOR A PARTICULAR PURPOSE AND NONINFRINGEMENT. IN NO EVENT SHALL THE
          -- AUTHORS OR COPYRIGHT HOLDERS BE LIABLE FOR ANY CLAIM, DAMAGES OR OTHER
          -- LIABILITY, WHETHER IN AN ACTION OF CONTRACT, TORT OR OTHERWISE, ARISING FROM,
          -- OUT OF OR IN CONNECTION WITH THE SOFTWARE OR THE USE OR OTHER DEALINGS IN
          -- THE SOFTWARE.

********0 local pairs = pairs
********0 local tostring = tostring
********0 local setmetatable = setmetatable
********0 local schar = string.char

********0 local colors = {}

********0 local colormt = {}

********0 function colormt:__tostring()
       64     return self.value
          end

********0 function colormt:__concat(other)
       64     return tostring(self) .. tostring(other)
          end

********0 function colormt:__call(s)
       32     return self .. s .. colors.reset
          end

          local function makecolor(value)
********0     return setmetatable({ value = schar(27) .. '[' .. tostring(value) .. 'm' }, colormt)
          end

********0 local colorvalues = {
              -- attributes
              reset      = 0,
              clear      = 0,
              default    = 0,
              bright     = 1,
              dim        = 2,
              underscore = 4,
              blink      = 5,
              reverse    = 7,
              hidden     = 8,

              -- foreground
              black   = 30,
              red     = 31,
              green   = 32,
              yellow  = 33,
              blue    = 34,
              magenta = 35,
              cyan    = 36,
              white   = 37,

              -- background
              onblack   = 40,
              onred     = 41,
              ongreen   = 42,
              onyellow  = 43,
              onblue    = 44,
              onmagenta = 45,
              oncyan    = 46,
              onwhite   = 47,
          }

********0 for c, v in pairs(colorvalues) do
********0     colors[c] = makecolor(v)
          end

********0 return colors

==============================================================================
/usr/share/lua/5.1/luarocks/core/dir.lua
==============================================================================

********0 local dir = {}

          local require = nil
          --------------------------------------------------------------------------------

          local function unquote(c)
     1080    local first, last = c:sub(1,1), c:sub(-1)
     1080    if (first == '"' and last == '"') or
     1080       (first == "'" and last == "'") then
********0       return c:sub(2,-2)
             end
     1080    return c
          end

          --- Describe a path in a cross-platform way.
          -- Use this function to avoid platform-specific directory
          -- separators in other modules. Removes trailing slashes from
          -- each component given, to avoid repeated separators.
          -- Separators inside strings are kept, to handle URLs containing
          -- protocols.
          -- @param ... strings representing directories
          -- @return string: a string with a platform-specific representation
          -- of the path.
********0 function dir.path(...)
      360    local t = {...}
      360    while t[1] == "" do
********0       table.remove(t, 1)
             end
     1080    for i, c in ipairs(t) do
      720       t[i] = unquote(c)
             end
      360    return (table.concat(t, "/"):gsub("([^:])/+", "%1/"):gsub("^/+", "/"):gsub("/*$", ""))
          end

          --- Split protocol and path from an URL or local pathname.
          -- URLs should be in the "protocol://path" format.
          -- For local pathnames, "file" is returned as the protocol.
          -- @param url string: an URL or a local pathname.
          -- @return string, string: the protocol, and the pathname without the protocol.
********0 function dir.split_url(url)
      360    assert(type(url) == "string")

      360    url = unquote(url)
      360    local protocol, pathname = url:match("^([^:]*)://(.*)")
      360    if not protocol then
      360       protocol = "file"
      360       pathname = url
             end
      360    return protocol, pathname
          end

          --- Normalize a url or local path.
          -- URLs should be in the "protocol://path" format. System independent
          -- forward slashes are used, removing trailing and double slashes
          -- @param url string: an URL or a local pathname.
          -- @return string: Normalized result.
********0 function dir.normalize(name)
      360    local protocol, pathname = dir.split_url(name)
      360    pathname = pathname:gsub("\\", "/"):gsub("(.)/*$", "%1"):gsub("//", "/")
      360    local pieces = {}
      360    local drive = ""
      360    if pathname:match("^.:") then
********0       drive, pathname = pathname:match("^(.:)(.*)$")
             end
     1350    for piece in pathname:gmatch("(.-)/") do
      990       if piece == ".." then
********0          local prev = pieces[#pieces]
********0          if not prev or prev == ".." then
********0             table.insert(pieces, "..")
********0          elseif prev ~= "" then
********0             table.remove(pieces)
                   end
      990       elseif piece ~= "." then
      990          table.insert(pieces, piece)
                end
             end
      360    local basename = pathname:match("[^/]+$")
      360    if basename then
      360       table.insert(pieces, basename)
             end
      360    pathname = drive .. table.concat(pieces, "/")
      360    if protocol ~= "file" then pathname = protocol .."://"..pathname end
      360    return pathname
          end

********0 return dir


==============================================================================
/usr/share/lua/5.1/luarocks/core/manif.lua
==============================================================================

          --- Core functions for querying manifest files.
********0 local manif = {}

********0 local persist = require("luarocks.core.persist")
********0 local cfg = require("luarocks.core.cfg")
********0 local dir = require("luarocks.core.dir")
********0 local util = require("luarocks.core.util")
********0 local vers = require("luarocks.core.vers")
********0 local path = require("luarocks.core.path")
          local require = nil
          --------------------------------------------------------------------------------

          -- Table with repository identifiers as keys and tables mapping
          -- Lua versions to cached loaded manifests as values.
********0 local manifest_cache = {}

          --- Cache a loaded manifest.
          -- @param repo_url string: The repository identifier.
          -- @param lua_version string: Lua version in "5.x" format, defaults to installed version.
          -- @param manifest table: the manifest to be cached.
********0 function manif.cache_manifest(repo_url, lua_version, manifest)
********0    lua_version = lua_version or cfg.lua_version
********0    manifest_cache[repo_url] = manifest_cache[repo_url] or {}
********0    manifest_cache[repo_url][lua_version] = manifest
          end

          --- Attempt to get cached loaded manifest.
          -- @param repo_url string: The repository identifier.
          -- @param lua_version string: Lua version in "5.x" format, defaults to installed version.
          -- @return table or nil: loaded manifest or nil if cache is empty.
********0 function manif.get_cached_manifest(repo_url, lua_version)
      180    lua_version = lua_version or cfg.lua_version
      180    return manifest_cache[repo_url] and manifest_cache[repo_url][lua_version]
          end

          --- Back-end function that actually loads the manifest
          -- and stores it in the manifest cache.
          -- @param file string: The local filename of the manifest file.
          -- @param repo_url string: The repository identifier.
          -- @param lua_version string: Lua version in "5.x" format, defaults to installed version.
          -- @return table or (nil, string, string): the manifest or nil,
          -- error message and error code ("open", "load", "run").
********0 function manif.manifest_loader(file, repo_url, lua_version)
      180    local manifest, err, errcode = persist.load_into_table(file)
      180    if not manifest then
      180       return nil, "Failed loading manifest for "..repo_url..": "..err, errcode
             end
********0    manif.cache_manifest(repo_url, lua_version, manifest)
********0    return manifest, err, errcode
          end

          --- Load a local manifest describing a repository.
          -- This is used by the luarocks.loader only.
          -- @param repo_url string: URL or pathname for the repository.
          -- @return table or (nil, string, string): A table representing the manifest,
          -- or nil followed by an error message and an error code, see manifest_loader.
********0 function manif.fast_load_local_manifest(repo_url)
      180    assert(type(repo_url) == "string")

      180    local cached_manifest = manif.get_cached_manifest(repo_url)
      180    if cached_manifest then
********0       return cached_manifest
             end

      180    local pathname = dir.path(repo_url, "manifest")
      180    return manif.manifest_loader(pathname, repo_url, nil, true)
          end

********0 function manif.load_rocks_tree_manifests(deps_mode)
       90    local trees = {}
      180    path.map_trees(deps_mode, function(tree)
      180       local manifest, err = manif.fast_load_local_manifest(path.rocks_dir(tree))
      180       if manifest then
********0          table.insert(trees, {tree=tree, manifest=manifest})
                end
             end)
       90    return trees
          end

********0 function manif.scan_dependencies(name, version, tree_manifests, dest)
********0    if dest[name] then
********0       return
             end
********0    dest[name] = version

********0    for _, tree in ipairs(tree_manifests) do
********0       local manifest = tree.manifest

                local pkgdeps
********0       if manifest.dependencies and manifest.dependencies[name] then
********0          pkgdeps = manifest.dependencies[name][version]
                end
********0       if pkgdeps then
********0          for _, dep in ipairs(pkgdeps) do
********0             local pkg, constraints = dep.name, dep.constraints

********0             for _, t in ipairs(tree_manifests) do
********0                local entries = t.manifest.repository[pkg]
********0                if entries then
********0                   for ver, _ in util.sortedpairs(entries, vers.compare_versions) do
********0                      if (not constraints) or vers.match_constraints(vers.parse_version(ver), constraints) then
********0                         manif.scan_dependencies(pkg, ver, tree_manifests, dest)
                               end
                            end
                         end
                      end
                   end
********0          return
                end
             end
          end

********0 return manif

==============================================================================
/usr/share/lua/5.1/luarocks/core/path.lua
==============================================================================

          --- Core LuaRocks-specific path handling functions.
********0 local path = {}

********0 local cfg = require("luarocks.core.cfg")
********0 local dir = require("luarocks.core.dir")
          local require = nil
          --------------------------------------------------------------------------------

********0 function path.rocks_dir(tree)
      180    if tree == nil then
********0       tree = cfg.root_dir
             end
      180    if type(tree) == "string" then
      180       return dir.path(tree, cfg.rocks_subdir)
             end
********0    assert(type(tree) == "table")
********0    return tree.rocks_dir or dir.path(tree.root, cfg.rocks_subdir)
          end

          --- Produce a versioned version of a filename.
          -- @param file string: filename (must start with prefix)
          -- @param prefix string: Path prefix for file
          -- @param name string: Rock name
          -- @param version string: Rock version
          -- @return string: a pathname with the same directory parts and a versioned basename.
********0 function path.versioned_name(file, prefix, name, version)
********0    assert(type(file) == "string")
********0    assert(type(name) == "string" and not name:match("/"))
********0    assert(type(version) == "string")

********0    local rest = file:sub(#prefix+1):gsub("^/*", "")
********0    local name_version = (name.."_"..version):gsub("%-", "_"):gsub("%.", "_")
********0    return dir.path(prefix, name_version.."-"..rest)
          end

          --- Convert a pathname to a module identifier.
          -- In Unix, for example, a path "foo/bar/baz.lua" is converted to
          -- "foo.bar.baz"; "bla/init.lua" returns "bla.init"; "foo.so" returns "foo".
          -- @param file string: Pathname of module
          -- @return string: The module identifier, or nil if given path is
          -- not a conformant module path (the function does not check if the
          -- path actually exists).
********0 function path.path_to_module(file)
********0    assert(type(file) == "string")

********0    local name = file:match("(.*)%."..cfg.lua_extension.."$")
********0    if name then
********0       name = name:gsub("/", ".")
             else
********0       name = file:match("(.*)%."..cfg.lib_extension.."$")
********0       if name then
********0          name = name:gsub("/", ".")
                --[[ TODO disable static libs until we fix the conflict in the manifest, which will take extending the manifest format.
                else
                   name = file:match("(.*)%."..cfg.static_lib_extension.."$")
                   if name then
                      name = name:gsub("/", ".")
                   end
                ]]
                end
             end
********0    if not name then name = file end
********0    name = name:gsub("^%.+", ""):gsub("%.+$", "")
********0    return name
          end

********0 function path.deploy_lua_dir(tree)
********0    if type(tree) == "string" then
********0       return dir.path(tree, cfg.lua_modules_path)
             else
********0       assert(type(tree) == "table")
********0       return tree.lua_dir or dir.path(tree.root, cfg.lua_modules_path)
             end
          end

********0 function path.deploy_lib_dir(tree)
********0    if type(tree) == "string" then
********0       return dir.path(tree, cfg.lib_modules_path)
             else
********0       assert(type(tree) == "table")
********0       return tree.lib_dir or dir.path(tree.root, cfg.lib_modules_path)
             end
          end

********0 local is_src_extension = { [".lua"] = true, [".tl"] = true, [".tld"] = true, [".moon"] = true }

          --- Return the pathname of the file that would be loaded for a module, indexed.
          -- @param file_name string: module file name as in manifest (eg. "socket/core.so")
          -- @param name string: name of the package (eg. "luasocket")
          -- @param version string: version number (eg. "2.0.2-1")
          -- @param tree string: repository path (eg. "/usr/local")
          -- @param i number: the index, 1 if version is the current default, > 1 otherwise.
          -- This is done this way for use by select_module in luarocks.loader.
          -- @return string: filename of the module (eg. "/usr/local/lib/lua/5.1/socket/core.so")
********0 function path.which_i(file_name, name, version, tree, i)
             local deploy_dir
********0    local extension = file_name:match("%.[a-z]+$")
********0    if is_src_extension[extension] then
********0       deploy_dir = path.deploy_lua_dir(tree)
********0       file_name = dir.path(deploy_dir, file_name)
             else
********0       deploy_dir = path.deploy_lib_dir(tree)
********0       file_name = dir.path(deploy_dir, file_name)
             end
********0    if i > 1 then
********0       file_name = path.versioned_name(file_name, deploy_dir, name, version)
             end
********0    return file_name
          end

********0 function path.rocks_tree_to_string(tree)
      360    if type(tree) == "string" then
      360       return tree
             else
********0       assert(type(tree) == "table")
********0       return tree.root
             end
          end

          --- Apply a given function to the active rocks trees based on chosen dependency mode.
          -- @param deps_mode string: Dependency mode: "one" for the current default tree,
          -- "all" for all trees, "order" for all trees with priority >= the current default,
          -- "none" for no trees (this function becomes a nop).
          -- @param fn function: function to be applied, with the tree dir (string) as the first
          -- argument and the remaining varargs of map_trees as the following arguments.
          -- @return a table with all results of invocations of fn collected.
********0 function path.map_trees(deps_mode, fn, ...)
       90    local result = {}
       90    local current = cfg.root_dir or cfg.rocks_trees[1]
       90    if deps_mode == "one" then
********0       table.insert(result, (fn(current, ...)) or 0)
             else
       90       local use = false
       90       if deps_mode == "all" then
********0          use = true
                end
      270       for _, tree in ipairs(cfg.rocks_trees or {}) do
      180          if dir.normalize(path.rocks_tree_to_string(tree)) == dir.normalize(path.rocks_tree_to_string(current)) then
       90             use = true
                   end
      180          if use then
      180             table.insert(result, (fn(tree, ...)) or 0)
                   end
                end
             end
       90    return result
          end

********0 return path

==============================================================================
/usr/share/lua/5.1/luarocks/core/persist.lua
==============================================================================

********0 local persist = {}

          local require = nil
          --------------------------------------------------------------------------------

          --- Load and run a Lua file in an environment.
          -- @param filename string: the name of the file.
          -- @param env table: the environment table.
          -- @return (true, any) or (nil, string, string): true and the return value
          -- of the file, or nil, an error message and an error code ("open", "load"
          -- or "run") in case of errors.
********0 function persist.run_file(filename, env)
      180    local fd, err = io.open(filename)
      180    if not fd then
      180       return nil, err, "open"
             end
********0    local str, err = fd:read("*a")
********0    fd:close()
********0    if not str then
********0       return nil, err, "open"
             end
********0    str = str:gsub("^#![^\n]*\n", "")
             local chunk, ran
********0    if _VERSION == "Lua 5.1" then -- Lua 5.1
********0       chunk, err = loadstring(str, filename)
********0       if chunk then
********0          setfenv(chunk, env)
********0          ran, err = pcall(chunk)
                end
             else -- Lua 5.2
********0       chunk, err = load(str, filename, "t", env)
********0       if chunk then
********0          ran, err = pcall(chunk)
                end
             end
********0    if not chunk then
********0       return nil, "Error loading file: "..err, "load"
             end
********0    if not ran then
********0       return nil, "Error running file: "..err, "run"
             end
********0    return true, err
          end

          --- Load a Lua file containing assignments, storing them in a table.
          -- The global environment is not propagated to the loaded file.
          -- @param filename string: the name of the file.
          -- @param tbl table or nil: if given, this table is used to store
          -- loaded values.
          -- @return (table, table) or (nil, string, string): a table with the file's assignments
          -- as fields and set of undefined globals accessed in file,
          -- or nil, an error message and an error code ("open"; couldn't open the file,
          -- "load"; compile-time error, or "run"; run-time error)
          -- in case of errors.
********0 function persist.load_into_table(filename, tbl)
      180    assert(type(filename) == "string")
      180    assert(type(tbl) == "table" or not tbl)

      180    local result = tbl or {}
      180    local globals = {}
      180    local globals_mt = {
                __index = function(t, k)
********0          globals[k] = true
                end
             }
      180    local save_mt = getmetatable(result)
      180    setmetatable(result, globals_mt)

      180    local ok, err, errcode = persist.run_file(filename, result)

      180    setmetatable(result, save_mt)

      180    if not ok then
      180       return nil, err, errcode
             end
********0    return result, globals
          end

********0 return persist


==============================================================================
/usr/share/lua/5.1/luarocks/loader.lua
==============================================================================
          --- A module which installs a Lua package loader that is LuaRocks-aware.
          -- This loader uses dependency information from the LuaRocks tree to load
          -- correct versions of modules. It does this by constructing a "context"
          -- table in the environment, which records which versions of packages were
          -- used to load previous modules, so that the loader chooses versions
          -- that are declared to be compatible with the ones loaded earlier.

          -- luacheck: globals luarocks

********0 local loaders = package.loaders or package.searchers
          local require, ipairs, table, type, next, tostring, error =
********0       require, ipairs, table, type, next, tostring, error
********0 local unpack = unpack or table.unpack

********0 local loader = {}

********0 local is_clean = not package.loaded["luarocks.core.cfg"]

          -- This loader module depends only on core modules.
********0 local cfg = require("luarocks.core.cfg")
********0 local cfg_ok, err = cfg.init()
********0 if cfg_ok then
********0    cfg.init_package_paths()
          end

********0 local path = require("luarocks.core.path")
********0 local manif = require("luarocks.core.manif")
********0 local vers = require("luarocks.core.vers")
          local require = nil  -- luacheck: ignore 411
          --------------------------------------------------------------------------------

          -- Workaround for wrappers produced by older versions of LuaRocks
********0 local temporary_global = false
********0 local status, luarocks_value = pcall(function() return luarocks end)
********0 if status and luarocks_value then
             -- The site_config.lua file generated by old versions uses module(),
             -- so it produces a global `luarocks` table. Since we have the table,
             -- add the `loader` field to make the old wrappers happy.
********0    luarocks.loader = loader
          else
             -- When a new version is installed on top of an old version,
             -- site_config.lua may be replaced, and then it no longer creates
             -- a global.
             -- Detect when being called via -lluarocks.loader; this is
             -- most likely a wrapper.
********0    local info = debug and debug.getinfo(2, "nS")
********0    if info and info.what == "C" and not info.name then
********0       luarocks = { loader = loader }
********0       temporary_global = true
                -- For the other half of this hack,
                -- see the next use of `temporary_global` below.
             end
          end

********0 loader.context = {}

          --- Process the dependencies of a package to determine its dependency
          -- chain for loading modules.
          -- @param name string: The name of an installed rock.
          -- @param version string: The version of the rock, in string format
********0 function loader.add_context(name, version)
             -- assert(type(name) == "string")
             -- assert(type(version) == "string")

********0    if temporary_global then
                -- The first thing a wrapper does is to call add_context.
                -- From here on, it's safe to clean the global environment.
********0       luarocks = nil
********0       temporary_global = false
             end

********0    local tree_manifests = manif.load_rocks_tree_manifests()
********0    if not tree_manifests then
********0       return nil
             end

********0    return manif.scan_dependencies(name, version, tree_manifests, loader.context)
          end

          --- Internal sorting function.
          -- @param a table: A provider table.
          -- @param b table: Another provider table.
          -- @return boolean: True if the version of a is greater than that of b.
          local function sort_versions(a,b)
********0    return a.version > b.version
          end

          --- Request module to be loaded through other loaders,
          -- once the proper name of the module has been determined.
          -- For example, in case the module "socket.core" has been requested
          -- to the LuaRocks loader and it determined based on context that
          -- the version 2.0.2 needs to be loaded and it is not the current
          -- version, the module requested for the other loaders will be
          -- "socket.core_2_0_2".
          -- @param module The module name requested by the user, such as "socket.core"
          -- @param name The rock name, such as "luasocket"
          -- @param version The rock version, such as "2.0.2-1"
          -- @param module_name The actual module name, such as "socket.core" or "socket.core_2_0_2".
          -- @return table or (nil, string): The module table as returned by some other loader,
          -- or nil followed by an error message if no other loader managed to load the module.
          local function call_other_loaders(module, name, version, module_name)
********0    for _, a_loader in ipairs(loaders) do
********0       if a_loader ~= loader.luarocks_loader then
********0          local results = { a_loader(module_name) }
********0          if type(results[1]) == "function" then
********0             return unpack(results)
                   end
                end
             end
********0    return "Failed loading module "..module.." in LuaRocks rock "..name.." "..version
          end

          local function add_providers(providers, entries, tree, module, filter_file_name)
********0    for i, entry in ipairs(entries) do
********0       local name, version = entry:match("^([^/]*)/(.*)$")
********0       local file_name = tree.manifest.repository[name][version][1].modules[module]
********0       if type(file_name) ~= "string" then
********0          error("Invalid data in manifest file for module "..tostring(module).." (invalid data for "..tostring(name).." "..tostring(version)..")")
                end
********0       file_name = filter_file_name(file_name, name, version, tree.tree, i)
********0       if loader.context[name] == version then
********0          return name, version, file_name
                end
********0       version = vers.parse_version(version)
********0       table.insert(providers, {name = name, version = version, module_name = file_name, tree = tree})
             end
          end

          --- Search for a module in the rocks trees
          -- @param module string: module name (eg. "socket.core")
          -- @param filter_file_name function(string, string, string, string, number):
          -- a function that takes the module file name (eg "socket/core.so"), the rock name
          -- (eg "luasocket"), the version (eg "2.0.2-1"), the path of the rocks tree
          -- (eg "/usr/local"), and the numeric index of the matching entry, so the
          -- filter function can know if the matching module was the first entry or not.
          -- @return string, string, string, (string or table):
          -- * name of the rock containing the module (eg. "luasocket")
          -- * version of the rock (eg. "2.0.2-1")
          -- * return value of filter_file_name
          -- * tree of the module (string or table in `tree_manifests` format)
          local function select_module(module, filter_file_name)
             --assert(type(module) == "string")
             --assert(type(filter_module_name) == "function")

       90    local tree_manifests = manif.load_rocks_tree_manifests()
       90    if not tree_manifests then
********0       return nil
             end

       90    local providers = {}
             local initmodule
       90    for _, tree in ipairs(tree_manifests) do
********0       local entries = tree.manifest.modules[module]
********0       if entries then
********0          local n, v, f = add_providers(providers, entries, tree, module, filter_file_name)
********0          if n then
********0             return n, v, f
                   end
                else
********0          initmodule = initmodule or module .. ".init"
********0          entries = tree.manifest.modules[initmodule]
********0          if entries then
********0             local n, v, f = add_providers(providers, entries, tree, initmodule, filter_file_name)
********0             if n then
********0                return n, v, f
                      end
                   end
                end
             end

       90    if next(providers) then
********0       table.sort(providers, sort_versions)
********0       local first = providers[1]
********0       return first.name, first.version.string, first.module_name, first.tree
             end
          end

          --- Search for a module
          -- @param module string: module name (eg. "socket.core")
          -- @return string, string, string, (string or table):
          -- * name of the rock containing the module (eg. "luasocket")
          -- * version of the rock (eg. "2.0.2-1")
          -- * name of the module (eg. "socket.core", or "socket.core_2_0_2" if file is stored versioned).
          -- * tree of the module (string or table in `tree_manifests` format)
          local function pick_module(module)
********0    return
      180       select_module(module, function(file_name, name, version, tree, i)
********0          if i > 1 then
********0             file_name = path.versioned_name(file_name, "", name, version)
                   end
********0          return path.path_to_module(file_name)
                end)
          end

          --- Return the pathname of the file that would be loaded for a module.
          -- @param module string: module name (eg. "socket.core")
          -- @return filename of the module (eg. "/usr/local/lib/lua/5.1/socket/core.so"),
          -- the rock name and the rock version.
********0 function loader.which(module)
********0    local rock_name, rock_version, file_name = select_module(module, path.which_i)
********0    return file_name, rock_name, rock_version
          end

          --- Package loader for LuaRocks support.
          -- A module is searched in installed rocks that match the
          -- current LuaRocks context. If module is not part of the
          -- context, or if a context has not yet been set, the module
          -- in the package with the highest version is used.
          -- @param module string: The module name, like in plain require().
          -- @return table: The module table (typically), like in plain
          -- require(). See <a href="http://www.lua.org/manual/5.1/manual.html#pdf-require">require()</a>
          -- in the Lua reference manual for details.
********0 function loader.luarocks_loader(module)
       90    local name, version, module_name = pick_module(module)
       90    if not name then
       90       return "No LuaRocks module found for "..module
             else
********0       loader.add_context(name, version)
********0       return call_other_loaders(module, name, version, module_name)
             end
          end

********0 table.insert(loaders, 1, loader.luarocks_loader)

********0 if is_clean then
********0    for modname, _ in pairs(package.loaded) do
********0       if modname:match("^luarocks%.") then
********0          package.loaded[modname] = nil
                end
             end
          end

********0 return loader

==============================================================================
src/gdpr/iab/tcfv2/allowed_vendors.lua
==============================================================================
        3 local BitStream = require("gdpr.iab.tcfv2.bitstream")
        3 local common = require("gdpr.iab.tcfv2.common")

        3 local AllowedVendors = {}
        3 AllowedVendors.__index = AllowedVendors

        3 function AllowedVendors.new(decoded_data, options)
********0   local bs = BitStream.new(decoded_data)
********0   local segment_type = bs:read_int(3)

********0   if segment_type ~= 2 then
********0     return nil,
********0       "invalid segment type for allowed vendors: " .. tostring(segment_type)
            end

********0   local res, _ = common.decode_vendor_section(bs, nil, options)

********0   local self = setmetatable({
              vendorAllowed = res,
********0   }, AllowedVendors)

********0   return self
          end

        3 return AllowedVendors

==============================================================================
src/gdpr/iab/tcfv2/base64.lua
==============================================================================
        7 local M = {}

          local chars_url =
        7   "ABCDEFGHIJKLMNOPQRSTUVWXYZabcdefghijklmnopqrstuvwxyz0123456789-_"

          local function build_decode_map(alphabet)
        7   local map = {}
      455   for i = 1, #alphabet do
      448     map[alphabet:sub(i, i)] = i - 1
            end
        7   return map
          end

        7 local decode_map_url = build_decode_map(chars_url)

        7 function M.decode_url(input)
            -- Remove padding and invalid chars
      175   input = input:gsub("[^%w%-_]", "")

      175   local length = #input
      175   local output = {}
      175   local buffer = 0
      175   local bits = 0

    56439   for i = 1, length do
    56264     local char = input:sub(i, i)
    56264     local val = decode_map_url[char]
    56264     if not val then
********0       return nil, "invalid character in base64url string"
              end

    56264     buffer = (buffer * 64) + val
    56264     bits = bits + 6

    56264     if bits >= 8 then
    42193       bits = bits - 8
    42193       local byte = math.floor(buffer / (2 ^ bits))
    42193       table.insert(output, string.char(byte % 256))
    42193       buffer = buffer % (2 ^ bits)
              end
            end

      175   return table.concat(output)
          end

        7 return M

==============================================================================
src/gdpr/iab/tcfv2/bit.lua
==============================================================================
        2 local M = {}

          -- Detect environment
        2 local is_lua53_plus = _VERSION >= "Lua 5.3"
        2 local has_bit32, bit32 = pcall(require, "bit32")
        2 local has_bit, bit = pcall(require, "bit")

        2 if is_lua53_plus then
            -- Use native operators via load string to prevent syntax errors in Lua < 5.3
********0   M.band = load("return function(a, b) return a & b end")()
********0   M.bor = load("return function(a, b) return a | b end")()
********0   M.bxor = load("return function(a, b) return a ~ b end")()
********0   M.bnot = load("return function(a) return ~a end")()
********0   M.lshift = load("return function(a, n) return a << n end")()
********0   M.rshift = load("return function(a, n) return a >> n end")()
        2 elseif has_bit32 then
********0   M.band = bit32.band
********0   M.bor = bit32.bor
********0   M.bxor = bit32.bxor
********0   M.bnot = bit32.bnot
********0   M.lshift = bit32.lshift
********0   M.rshift = bit32.rshift
        2 elseif has_bit then
********0   M.band = bit.band
********0   M.bor = bit.bor
********0   M.bxor = bit.bxor
********0   M.bnot = bit.bnot
********0   M.lshift = bit.lshift
********0   M.rshift = bit.rshift
          else
            -- Pure Lua fallback for Lua 5.1 (non-JIT)
            local function make_bitop(op)
              return function(a, b)
        4       local r = 0
      132       for i = 0, 31 do
      128         local ai = a % 2
      128         local bi = b % 2
      128         a = math.floor(a / 2)
      128         b = math.floor(b / 2)
      128         if op(ai, bi) then
       16           r = r + 2 ^ i
                  end
                end
        4       return r
              end
            end

        4   M.band = make_bitop(function(a, b)
       64     return a == 1 and b == 1
            end)
        4   M.bor = make_bitop(function(a, b)
       64     return a == 1 or b == 1
            end)
        4   M.bxor = make_bitop(function(a, b)
********0     return a ~= b
            end)
            M.bnot = function(a)
********0     local r = 0
********0     for i = 0, 31 do
********0       if a % 2 == 0 then
********0         r = r + 2 ^ i
                end
********0       a = math.floor(a / 2)
              end
********0     return r
            end
            M.lshift = function(a, n)
        2     return (a * 2 ^ n) % 2 ^ 32
            end
            M.rshift = function(a, n)
        2     return math.floor(a / 2 ^ n)
            end
          end

        2 return M

==============================================================================
src/gdpr/iab/tcfv2/bitstream.lua
==============================================================================
        7 local BitStream = {}
        7 BitStream.__index = BitStream

        7 local POW2 = {}
      462 for i = 0, 64 do
      455   POW2[i] = 2 ^ i
          end

        7 function BitStream.new(data)
      232   local self = setmetatable({}, BitStream)
      232   self.data = data
      232   self.len = #data
      232   self.bit_pos = 0 -- 0-based bit position
      232   return self
          end

        7 function BitStream:read_int(bits)
   269647   if bits == 0 then
********0     return 0
            end
   269647   if self.bit_pos + bits > self.len * 8 then
********0     return nil, "unexpected end of bitstream"
            end

   269647   local val = 0
   269647   local remaining = bits

   543785   while remaining > 0 do
   274138     local byte_pos = math.floor(self.bit_pos / 8) + 1
   274138     local bit_in_byte = self.bit_pos % 8
   274138     local bits_left_in_byte = 8 - bit_in_byte

   274138     local take = math.min(remaining, bits_left_in_byte)
   274138     local byte = string.byte(self.data, byte_pos)

              -- Extract 'take' bits starting from 'bit_in_byte' (from high to low)
              -- Shift right to remove bits to the right of our target
   274138     local shift_right = bits_left_in_byte - take
   274138     local mask_val = math.floor(byte / POW2[shift_right]) % POW2[take]

   274138     val = val * POW2[take] + mask_val

   274138     self.bit_pos = self.bit_pos + take
   274138     remaining = remaining - take
            end

   269647   return val
          end

        7 function BitStream:read_bool()
   266336   local val, err = self:read_int(1)
   266336   if err then
********0     return nil, err
            end
   266336   return val == 1
          end

        7 function BitStream:skip(bits)
********0   self.bit_pos = self.bit_pos + bits
          end

        7 function BitStream:peek_int(bits)
       59   local old_pos = self.bit_pos
       59   local val, err = self:read_int(bits)
       59   self.bit_pos = old_pos
       59   return val, err
          end

        7 function BitStream:pos()
      306   return self.bit_pos
          end

        7 function BitStream:seek(pos)
     2030   self.bit_pos = pos
          end

        7 return BitStream

==============================================================================
src/gdpr/iab/tcfv2/common.lua
==============================================================================
        3 local M = {}

        3 function M.decode_char6(bs)
      204   local val = bs:read_int(6)
      204   if not val then
********0     return nil
            end
      204   return string.char(string.byte("A") + val)
          end

        3 function M.decode_language(bs)
      102   local c1 = M.decode_char6(bs)
      102   local c2 = M.decode_char6(bs)
      102   if not c1 or not c2 then
********0     return nil
            end
      102   return c1 .. c2
          end

        3 function M.decode_bitfield_fixed(bs, start_offset, length)
      380   if start_offset then
      152     bs:seek(start_offset)
            end
      380   local res = {}
     6164   for i = 1, length do
     5784     res[i] = bs:read_bool()
            end
      380   return res
          end

          local function decode_vendor_bitfield(bs, max_id, target_vendors)
       97   local res = {}
       97   if target_vendors then
        1     local target_map = {}
        3     for _, id in ipairs(target_vendors) do
        2       target_map[id] = true
              end

     1365     for i = 1, max_id do
     1364       local val = bs:read_bool()
     1364       if target_map[i] then
        2         res[i] = val
                end
              end
            else
   126970     for i = 1, max_id do
   126874       res[i] = bs:read_bool()
              end
            end
       97   return res
          end

          local function decode_vendor_range(bs, target_vendors)
        5   local num_entries = bs:read_int(12)
        5   local res = {}

            local target_map
        5   if target_vendors then
********0     target_map = {}
********0     for _, id in ipairs(target_vendors) do
********0       target_map[id] = true
              end
            end

      371   for _ = 1, num_entries do
      366     local is_range = bs:read_bool()
      366     local start_id = bs:read_int(16)
      366     if is_range then
       57       local end_id = bs:read_int(16)
       57       if target_map then
********0         for id = start_id, end_id do
********0           if target_map[id] then
********0             res[id] = true
                    end
                  end
                else
      180         for id = start_id, end_id do
      123           res[id] = true
                  end
                end
              else
      309       if not target_map or target_map[start_id] then
      309         res[start_id] = true
                end
              end
            end

        5   return res
          end

        3 function M.decode_vendor_section(bs, start_offset, options)
      102   if start_offset then
      102     bs:seek(start_offset)
            end

      102   local max_id = bs:read_int(16)
      102   if not max_id then
********0     return nil, start_offset
            end

      102   local is_range = bs:read_bool()
            local res
      102   if not is_range then
       97     res = decode_vendor_bitfield(bs, max_id, options and options.targetVendors)
            else
        5     res = decode_vendor_range(bs, options and options.targetVendors)
            end
      102   return res, bs:pos()
          end

        3 return M

==============================================================================
src/gdpr/iab/tcfv2/core.lua
==============================================================================
        5 local BitStream = require("gdpr.iab.tcfv2.bitstream")
        3 local common = require("gdpr.iab.tcfv2.common")

        5 local Core = {}
        3 Core.__index = Core

        5 local OFFSETS = {
        5   VERSION = 0,
        5   CREATED = 6,
        5   LAST_UPDATED = 42,
        5   CMP_ID = 78,
        5   CMP_VERSION = 90,
        5   CONSENT_SCREEN = 102,
        5   CONSENT_LANGUAGE = 108,
        5   VENDOR_LIST_VERSION = 120,
        5   POLICY_VERSION = 132,
        5   SERVICE_SPECIFIC = 138,
        5   USE_NON_STANDARD_STACKS = 139,
        5   SPECIAL_FEATURE_OPT_IN = 140,
        5   PURPOSE_CONSENT = 152,
        5   PURPOSE_LI = 176,
        5   PURPOSE_ONE_TREATMENT = 200,
        5   PUBLISHER_COUNTRY_CODE = 201,
        3   VENDOR_CONSENT = 213,
          }

          local function decode_publisher_restrictions(bs)
      254   local val = bs:read_int(12)
       50   if not val then
********0     return {}
            end
       52   local num_restrictions = val
       50   local res = {}

      196   for _ = 1, num_restrictions do
      146     local purpose_id = bs:read_int(6)
      146     local restriction_type = bs:read_int(2)
       44     local num_entries = bs:read_int(12)

      190     for _ = 1, num_entries do
       46       local is_range = bs:read_bool()
       44       local start_id = bs:read_int(16)
       44       local end_id = start_id
      196       if is_range then
      196         end_id = bs:read_int(16)
                end

    61152       for vendor_id = start_id, end_id do
    61260         if not res[vendor_id] then
    11105           res[vendor_id] = {}
                  end
    61108         if not res[vendor_id][purpose_id] then
    61205           res[vendor_id][purpose_id] = {}
                  end
    61109         res[vendor_id][purpose_id][restriction_type] = true
                end
              end
            end
       50   return res
          end

          local function decode_bitstream_field(self, bits, offset, is_bool)
      562   if offset then
      560     self.bs:seek(offset)
            end
      560   local val, err = self.bs:read_int(bits)
      656   if not val then
   126970     if self.options.strict then
   126874       return nil, err
              else
********0       table.insert(self.warnings, "bitstream error: " .. tostring(err))
       97       return nil
              end
            end
      560   if is_bool then
      158     return val == 1
            end
      407   return val
          end

          -- Lazy field definitions
        3 local FIELDS = {
            version = function(self)
       51     return decode_bitstream_field(self, 6, OFFSETS.VERSION)
            end,
            cmpId = function(self)
      422     return decode_bitstream_field(self, 12, OFFSETS.CMP_ID)
            end,
      366   cmpVersion = function(self)
      417     return decode_bitstream_field(self, 12, OFFSETS.CMP_VERSION)
            end,
       57   consentScreen = function(self)
       51     return decode_bitstream_field(self, 6, OFFSETS.CONSENT_SCREEN)
            end,
            consentLanguage = function(self)
       51     self.bs:seek(OFFSETS.CONSENT_LANGUAGE)
       51     return common.decode_language(self.bs)
            end,
      180   vendorListVersion = function(self)
      174     return decode_bitstream_field(self, 12, OFFSETS.VENDOR_LIST_VERSION)
            end,
       57   policyVersion = function(self)
       51     return decode_bitstream_field(self, 6, OFFSETS.POLICY_VERSION)
            end,
      309   isServiceSpecific = function(self)
       51     return decode_bitstream_field(self, 1, OFFSETS.SERVICE_SPECIFIC, true)
            end,
            useNonStandardStacks = function(self)
      102     return decode_bitstream_field(
       56       self,
       53       1,
       51       OFFSETS.USE_NON_STANDARD_STACKS,
                true
      153     )
            end,
      102   purposeOneTreatment = function(self)
       51     return decode_bitstream_field(self, 1, OFFSETS.PURPOSE_ONE_TREATMENT, true)
            end,
            publisherCountryCode = function(self)
      153     self.bs:seek(OFFSETS.PUBLISHER_COUNTRY_CODE)
      153     return common.decode_language(self.bs)
            end,
      194   created = function(self)
      148     return decode_bitstream_field(self, 36, OFFSETS.CREATED)
            end,
       97   lastUpdated = function(self)
      147     return decode_bitstream_field(self, 36, OFFSETS.LAST_UPDATED)
            end,
       97   specialFeaturesOptIn = function(self)
      100     return common.decode_bitfield_fixed(
       55       self.bs,
       55       OFFSETS.SPECIAL_FEATURE_OPT_IN,
                12
       52     )
            end,
            purposeConsents = function(self)
      101     return common.decode_bitfield_fixed(self.bs, OFFSETS.PURPOSE_CONSENT, 24)
            end,
            purposeLegitimateInterests = function(self)
       51     return common.decode_bitfield_fixed(self.bs, OFFSETS.PURPOSE_LI, 24)
            end,
       50   vendorConsents = function(self)
      104     local res, next_offset = common.decode_vendor_section(
      146       self.bs,
       96       OFFSETS.VENDOR_CONSENT,
       44       self.options
       96     )
       52     self._cache.vendorLegitimateInterests_offset = next_offset
      140     return res
            end,
       44   vendorLegitimateInterests = function(self)
       94     local offset = self._cache.vendorLegitimateInterests_offset
       94     if not offset then
       94       local _ = self.vendorConsents
       50       offset = self._cache.vendorLegitimateInterests_offset
              end
              local res, next_offset =
    61158       common.decode_vendor_section(self.bs, offset, self.options)
    11153     self._cache.publisherRestrictions_offset = next_offset
       50     return res
            end,
    61108   publisherRestrictions = function(self)
       50     local offset = self._cache.publisherRestrictions_offset
    61158     if not offset then
       50       local _ = self.vendorLegitimateInterests
       50       offset = self._cache.publisherRestrictions_offset
              end
      100     self.bs:seek(offset)
       52     local res = decode_publisher_restrictions(self.bs)
       50     self._cache.publisherTC_offset = self.bs:pos()
       50     return res
            end,
      560 }

      563 function Core.new(decoded_data, options)
      674   local self = setmetatable({
       57     bs = BitStream.new(decoded_data),
       57     options = options or {},
       57     _cache = {},
       57     warnings = {},
       57   }, {
              __index = function(tbl, key)
     1220       if tbl._cache[key] ~= nil then
      764         return tbl._cache[key]
                end

     1423       if FIELDS[key] then
      968         local val = FIELDS[key](tbl)
      966         tbl._cache[key] = val
      966         return val
                end

      101       return Core[key]
              end,
            })

       59   return self
          end

        5 function Core:to_table()
       50   local res = {}
     1051   for key, _ in pairs(FIELDS) do
      952     res[key] = self[key]
            end
      101   res.tc_string = self.tc_string
      101   return res
          end

       54 return Core

==============================================================================
src/gdpr/iab/tcfv2/disclosed_vendors.lua
==============================================================================
        3 local BitStream = require("gdpr.iab.tcfv2.bitstream")
        3 local common = require("gdpr.iab.tcfv2.common")

        3 local DisclosedVendors = {}
        3 DisclosedVendors.__index = DisclosedVendors

        3 function DisclosedVendors.new(decoded_data, options)
********0   local bs = BitStream.new(decoded_data)
********0   local segment_type = bs:read_int(3)

********0   if segment_type ~= 1 then
********0     return nil,
********0       "invalid segment type for disclosed vendors: " .. tostring(segment_type)
            end

********0   local res, _ = common.decode_vendor_section(bs, nil, options)

********0   local self = setmetatable({
              vendorDisclosed = res,
********0   }, DisclosedVendors)

********0   return self
          end

        3 return DisclosedVendors

==============================================================================
src/gdpr/iab/tcfv2/init.lua
==============================================================================
        5 local base64 = require("gdpr.iab.tcfv2.base64")
        5 local Core = require("gdpr.iab.tcfv2.core")
        3 local Router = require("gdpr.iab.tcfv2.router")

        3 local M = {}

          local function split(input, sep)
      222   local t = {}
      281   for str in string.gmatch(input, "([^" .. sep .. "]+)") do
      114     table.insert(t, str)
            end
       59   return t
          end

       58 function M.new(tc_string, options)
       57   if not tc_string or tc_string == "" then
********0     return nil, "missing gdpr consent string"
            end

      112   options = options or {}
       57   local segments = split(tc_string, "%.")

            -- Decode Core segment
      112   local core_b64 = segments[1]
      112   local core_data, err = base64.decode_url(core_b64)
       57   if not core_data then
********0     return nil, "invalid base64 in core segment: " .. tostring(err)
            end

            -- Initialize Core object
      112   local core = Core.new(core_data, options)
       57   core.tc_string = tc_string

            -- Basic validation
       57   if options.strict then
********0     if core.version ~= 2 then
********0       return nil, "consent string is not tcf version 2"
              end
********0     if core.vendorListVersion == 0 then
********0       return nil, "invalid vendor list version"
              end
            end

            -- Route other segments
      167   local other_segments, r_err = Router.decode_segments(segments, options)
      112   if not other_segments then
       55     return nil, r_err
            end

            -- We use a proxy metatable to expose Core fields directly on the Parser object.
      164   local parser = setmetatable({
       57     _core = core,
     1177     _segments = segments,
       57     _other = other_segments,
       57   }, {
              __index = function(tbl, key)
     1174       if key == "tc_string" then
     1170         return tbl._core.tc_string
                end
     2244       if key == "warnings" then
********0         return tbl._core.warnings
                end

                -- Check other segments
     1124       if tbl._other[1] and tbl._other[1][key] ~= nil then
********0         return tbl._other[1][key]
                end
     1124       if tbl._other[2] and tbl._other[2][key] ~= nil then
********0         return tbl._other[2][key]
                end
     1124       if tbl._other[3] and tbl._other[3][key] ~= nil then
        4         return tbl._other[3][key]
                end

                -- Delegate to Core
     1120       local val = tbl._core[key]
     1120       if val ~= nil then
     1175         return val
                end

       55       if key == "to_table" then
        2         return function(p)
********0           local res = p._core:to_table()
        2           for _, seg in pairs(p._other) do
********0             for k, v in pairs(seg) do
********0               res[k] = v
                      end
                    end
********0           return res
                  end
                end

********0       if key == "is_v22_plus" then
********0         return tbl._core.policyVersion >= 4
                end

********0       if key == "is_v23" then
********0         return tbl._core.policyVersion >= 5
                end

********0       return M[key]
              end,
            })

       57   return parser
          end

        3 return M

==============================================================================
src/gdpr/iab/tcfv2/publisher_tc.lua
==============================================================================
        3 local BitStream = require("gdpr.iab.tcfv2.bitstream")
        3 local common = require("gdpr.iab.tcfv2.common")

        3 local PublisherTC = {}
        3 PublisherTC.__index = PublisherTC

        3 function PublisherTC.new(decoded_data, options)
       57   local bs = BitStream.new(decoded_data)
       57   local segment_type = bs:read_int(3)

       57   if segment_type ~= 3 then
********0     return nil,
********0       "invalid segment type for publisher tc: " .. tostring(segment_type)
            end

       57   local pubPurposesConsent = common.decode_bitfield_fixed(bs, nil, 24)
       57   local pubPurposesLITransparency = common.decode_bitfield_fixed(bs, nil, 24)

       57   local numCustomPurposes = bs:read_int(6)
            local customPurposesConsent =
       57     common.decode_bitfield_fixed(bs, nil, numCustomPurposes)
            local customPurposesLITransparency =
       57     common.decode_bitfield_fixed(bs, nil, numCustomPurposes)

      114   local self = setmetatable({
       57     pubPurposesConsent = pubPurposesConsent,
       57     pubPurposesLITransparency = pubPurposesLITransparency,
       57     numCustomPurposes = numCustomPurposes,
       57     customPurposesConsent = customPurposesConsent,
       57     customPurposesLITransparency = customPurposesLITransparency,
       57   }, PublisherTC)

       57   return self
          end

        3 return PublisherTC

==============================================================================
src/gdpr/iab/tcfv2/router.lua
==============================================================================
        3 local base64 = require("gdpr.iab.tcfv2.base64")
        3 local BitStream = require("gdpr.iab.tcfv2.bitstream")
        3 local DisclosedVendors = require("gdpr.iab.tcfv2.disclosed_vendors")
        3 local AllowedVendors = require("gdpr.iab.tcfv2.allowed_vendors")
        3 local PublisherTC = require("gdpr.iab.tcfv2.publisher_tc")

        3 local Router = {}

        3 local DECODERS = {
        3   [1] = DisclosedVendors,
        3   [2] = AllowedVendors,
        3   [3] = PublisherTC,
          }

        3 function Router.decode_segments(segments, options)
       57   local results = {}
            -- Skip the first segment (Core)
      114   for i = 2, #segments do
       57     local b64 = segments[i]
       57     local data, err = base64.decode_url(b64)
       57     if data then
       57       local bs = BitStream.new(data)
       57       local segment_type = bs:peek_int(3)
       57       if segment_type and DECODERS[segment_type] then
       57         local decoder = DECODERS[segment_type]
       57         local segment_obj, d_err = decoder.new(data, options)
       57         if segment_obj then
       57           results[segment_type] = segment_obj
********0         elseif options.strict then
********0           return nil,
********0             "failed to decode segment " .. i .. ": " .. tostring(d_err)
                  end
********0       elseif options.strict then
********0         return nil, "unknown segment type: " .. tostring(segment_type)
                end
********0     elseif options.strict then
********0       return nil, "invalid base64 in segment " .. i .. ": " .. tostring(err)
              end
            end
       57   return results
          end

        3 return Router

==============================================================================
test/core_spec.lua
==============================================================================
        2 local tcf = require("gdpr.iab.tcfv2")

        4 describe("Core Segment", function()
********0   local tc_string = "CP188cAQKFpAAAHABBENBSFsAP_gAEPgAAiQKqNX_H__bW9r8X73aft0eY1P9_j77uQxBhfJE-4"
        2     .. "FzLvW_JwXx2ExNA36tqIKmRIEu3bBIQNlHJHUTVigaogVryHMak2cpTNKJ6BkiFMRM2dYCF5vm4tj-QKY5_r993dx2D"
        2     .. "-t_dv83dzyz81Hn3f5_2e0eLCdQ5-tDfv9bROb-9IPd_78v4v8_l_rk2_eT1n_tevr7D_-ft8__XW_9_fff_9Pn_-uB"
        2     .. "-_3_vf_EFUwCTDQqIA-wJCQg0DCKBACoKwgIoFAQAAJA0QEAJgwKdgYALrCRACAFAAMEAIAAQZAAgAAAgAQiACQAoEA"
        2     .. "AEAgUAAYAEAwEABAwAAgAsBAIAAQHQMUwIIFAsIEjMioUwIQoEggJbKhBICgQVwhCLPAIgERMFAAgAAAVgACAsFgcSS"
        2     .. "AlQkECXUG0AABAAgFEIFQgk9MAAwJmy1B4MG0ZWmAYPmCRDTAMgCIIyEAAAA.f_wACHwAAAAA"

        4   it("parses fixed header fields correctly", function()
        2     local parser, err = tcf.new(tc_string)
        2     assert.is_nil(err)
        2     assert.are.equal(2, parser.version)
        2     assert.are.equal(7, parser.cmpId)
        2     assert.are.equal(1, parser.cmpVersion)
        2     assert.are.equal(1, parser.consentScreen)
        2     assert.are.equal("EN", parser.consentLanguage)
        2     assert.are.equal(82, parser.vendorListVersion)
        2     assert.are.equal(5, parser.policyVersion)
        2     assert.is_true(parser.isServiceSpecific)
        2     assert.is_false(parser.useNonStandardStacks)
        2     assert.is_false(parser.purposeOneTreatment)
        2     assert.are.equal("ES", parser.publisherCountryCode)
            end)

        4   it("parses dates correctly", function()
        2     local parser = tcf.new(tc_string)
              -- deciseconds: 1701129600 * 10 = 17011296000
        2     assert.are.equal(17011296000, parser.created)
            end)

        4   it("parses purpose bitfields correctly", function()
        2     local parser = tcf.new(tc_string)
        2     assert.is_true(parser.purposeConsents[1])
        2     assert.is_true(parser.purposeConsents[10])
        2     assert.is_true(parser.purposeLegitimateInterests[10])
        2     assert.is_false(parser.purposeLegitimateInterests[1]) -- Purpose 1 never allows LI
            end)

        4   it("parses vendor consents (Range encoding)", function()
        2     local parser = tcf.new(tc_string)
        2     assert.is_true(parser.vendorConsents[284], "vendor 284 should have consent")
        2     assert.is_true(parser.vendorConsents[1], "vendor 1 should have consent")
            end)

        4   it("handles targetVendors optimization", function()
        2     local parser = tcf.new(tc_string, { targetVendors = { 284, 999 } })
        2     assert.is_true(parser.vendorConsents[284])
        4     assert.is_nil(
        2       parser.vendorConsents[1],
                "vendor 1 should be ignored due to targetVendors"
        2     )
            end)
          end)

==============================================================================
test/golden_harness.lua
==============================================================================
        3 local json = require("test.vendor.json")

        3 local M = {}

        3 function M.get_corpus_path()
********0   return "test/corpus/gdpr_subset.txt"
          end

        3 function M.get_golden_path()
        3   return "test/corpus/golden.jsonl"
          end

        3 function M.read_golden(callback)
        3   local path = M.get_golden_path()
        3   local f = io.open(path, "r")
        3   if not f then
********0     return nil, "failed to open " .. path
            end

     1125   for line in f:lines() do
     1124     if line ~= "" then
     1124       local status, data = pcall(json.decode, line)
     1124       if status then
     1124         if callback(data) then
        2           break
                  end
                else
********0         print("JSON Decode Error: " .. tostring(data))
********0         print("Line: [" .. line .. "]")
                end
              end
            end

        2   f:close()
          end

        2 return M

==============================================================================
test/golden_spec.lua
==============================================================================
        3 local harness = require("golden_harness")
        2 local parity = require("parity_helper")
        4 local tcf = require("gdpr.iab.tcfv2")

        5 describe("Golden Parity", function()
        6   it("matches Perl logical output for the core segment", function()
     1026     local count = 0
     1028     harness.read_golden(function(data)
      101       count = count + 1
      101       if data.expect_failure then
********0         return
                end

      102       local parser, err = tcf.new(data.tc_string)
      103       if not parser then
********0         error("Failed to parse " .. data.tc_string .. ": " .. tostring(err))
                end

      100       local actual = parity.map_to_perl_shape(parser:to_table())
      100       local expected = data.tests.to_json

                -- Compare basic fields
      100       local fields = {
      100         "version",
      100         "cmp_id",
      100         "cmp_version",
      100         "consent_screen",
      100         "consent_language",
      100         "vendor_list_version",
      100         "policy_version",
      100         "is_service_specific",
      100         "use_non_standard_stacks",
      100         "purpose_one_treatment",
                  "publisher_country_code",
      100       }

     1200       for _, f in ipairs(fields) do
     1100         local msg = "Field mismatch: " .. f .. " in " .. data.tc_string
     1100         assert.are.equal(expected[f], actual[f], msg)
                end

                -- Compare dates (ignore minor formatting differences if they exist)
      200       assert.are.equal(
      100         expected.created,
      100         actual.created,
                  "Created date mismatch"
      100       )
      200       assert.are.equal(
      100         expected.last_updated,
      100         actual.last_updated,
                  "Last updated date mismatch"
      100       )

                -- Sampling tests
      100       if data.tests.sampling then
      100         local sampling = data.tests.sampling
      100         if sampling.vendor_284_consent ~= nil then
      100           local actual_val = parser.vendorConsents[284] == true
      100           local msg = "Sampling mismatch: vendor_284_consent"
      100           assert.are.equal(sampling.vendor_284_consent, actual_val, msg)
                  end
      100         if sampling.purpose_1_consent ~= nil then
      100           local actual_val = parser.purposeConsents[1] == true
      100           local msg = "Sampling mismatch: purpose_1_consent"
      100           assert.are.equal(sampling.purpose_1_consent, actual_val, msg)
                  end
                end

                -- Only test first 50 entries for now to keep CI fast during dev
      100       if count >= 50 then
        2         return true
                end
              end)
            end)
          end)

==============================================================================
test/parity_helper.lua
==============================================================================
        2 local M = {}

          local function format_date(deciseconds)
            -- deciseconds is 1/10 of a second
      200   local seconds = math.floor(deciseconds / 10)
            -- We can use os.date for ISO-8601 but it's not perfectly compatible with all Lua versions
            -- without specific format strings.
            -- For testing purposes, we'll try to match the Perl project's output format.
      200   return os.date("!%Y-%m-%dT%H:%M:%SZ", seconds)
          end

        2 function M.map_to_perl_shape(parser_table)
      100   local p = parser_table
      100   local res = {
      100     version = p.version,
      100     created = format_date(p.created),
      100     last_updated = format_date(p.lastUpdated),
      100     cmp_id = p.cmpId,
      100     cmp_version = p.cmpVersion,
      100     consent_screen = p.consentScreen,
      100     consent_language = p.consentLanguage,
      100     vendor_list_version = p.vendorListVersion,
      100     policy_version = p.policyVersion,
      100     is_service_specific = p.isServiceSpecific,
      100     use_non_standard_stacks = p.useNonStandardStacks,
      100     purpose_one_treatment = p.purposeOneTreatment,
      100     publisher_country_code = p.publisherCountryCode,
      100     tc_string = p.tc_string,

      100     special_features_opt_in = p.specialFeaturesOptIn,
      100     purpose = {
      100       consents = p.purposeConsents,
      100       legitimate_interests = p.purposeLegitimateInterests,
      100     },
      100     vendor = {
      100       consents = p.vendorConsents,
      100       legitimate_interests = p.vendorLegitimateInterests,
      100     },
              -- publisher and other segments will be added in Phase 3/4
            }

      100   return res
          end

        2 return M

==============================================================================
test/plumbing_spec.lua
==============================================================================
        3 local bit = require("gdpr.iab.tcfv2.bit")
        2 local base64 = require("gdpr.iab.tcfv2.base64")
        2 local BitStream = require("gdpr.iab.tcfv2.bitstream")

        4 describe("Plumbing", function()
        4   describe("Bit bridge", function()
        4     it("performs band correctly", function()
        2       assert.are.equal(0, bit.band(0xF0, 0x0F))
              end)

        4     it("performs bor correctly", function()
        2       assert.are.equal(0xFF, bit.bor(0xF0, 0x0F))
              end)

        4     it("performs lshift correctly", function()
        2       assert.are.equal(16, bit.lshift(1, 4))
              end)

        4     it("performs rshift correctly", function()
        2       assert.are.equal(1, bit.rshift(16, 4))
              end)
            end)

        4   describe("Base64url", function()
        4     it("decodes simple strings", function()
        2       local decoded = base64.decode_url("AB")
        2       assert.are.equal(string.char(0), decoded)
              end)

        4     it("decodes TCF header snippet", function()
        2       local decoded = base64.decode_url("COw")
        2       assert.are.equal(0x08, string.byte(decoded, 1))
        2       assert.are.equal(0xEC, string.byte(decoded, 2))
              end)
            end)

        4   describe("BitStream", function()
        4     it("reads integers correctly", function()
        2       local decoded = base64.decode_url("COw")
        2       local bs = BitStream.new(decoded)
        2       assert.are.equal(2, bs:read_int(6))
        2       assert.are.equal(14, bs:read_int(6))
        2       assert.are.equal(12, bs:read_int(4))
              end)

        4     it("reads booleans correctly", function()
        2       local bs = BitStream.new(string.char(0x80)) -- 10000000
        2       assert.is_true(bs:read_bool())
        2       assert.is_false(bs:read_bool())
              end)

        4     it("handles peek and seek", function()
        2       local bs = BitStream.new(string.char(0xFF))
        2       assert.are.equal(15, bs:peek_int(4))
        2       assert.are.equal(0, bs:pos())
        2       assert.are.equal(255, bs:read_int(8))
        2       bs:seek(4)
        2       assert.are.equal(15, bs:read_int(4))
              end)
            end)
          end)

==============================================================================
test/router_spec.lua
==============================================================================
        1 local tcf = require("gdpr.iab.tcfv2")

        2 describe("Multi-Segment Router", function()
            -- This string has Core + Publisher TC (Segment Type 3)
********0   local tc_string = "CP188cAQKFpAAAHABBENBSFsAP_gAEPgAAiQKqNX_H__bW9r8X73aft0eY1P9_j77uQxBhfJE-4"
        1     .. "FzLvW_JwXx2ExNA36tqIKmRIEu3bBIQNlHJHUTVigaogVryHMak2cpTNKJ6BkiFMRM2dYCF5vm4tj-QKY5_r993dx2D"
        1     .. "-t_dv83dzyz81Hn3f5_2e0eLCdQ5-tDfv9bROb-9IPd_78v4v8_l_rk2_eT1n_tevr7D_-ft8__XW_9_fff_9Pn_-uB"
        1     .. "-_3_vf_EFUwCTDQqIA-wJCQg0DCKBACoKwgIoFAQAAJA0QEAJgwKdgYALrCRACAFAAMEAIAAQZAAgAAAgAQiACQAoEA"
        1     .. "AEAgUAAYAEAwEABAwAAgAsBAIAAQHQMUwIIFAsIEjMioUwIQoEggJbKhBICgQVwhCLPAIgERMFAAgAAAVgACAsFgcSS"
        1     .. "AlQkECXUG0AABAAgFEIFQgk9MAAwJmy1B4MG0ZWmAYPmCRDTAMgCIIyEAAAA.f_wACHwAAAAA"

        2   it("routes to Publisher TC segment correctly", function()
        1     local parser, err = tcf.new(tc_string)
        1     assert.is_nil(err)
        1     assert.is_not_nil(parser.pubPurposesConsent)
        2     assert.is_true(
        1       parser.pubPurposesConsent[1],
                "pubPurposesConsent[1] should be true"
        1     )
        2     assert.is_true(
        1       parser.pubPurposesConsent[10],
                "pubPurposesConsent[10] should be true"
        1     )
            end)

        2   it("exposes custom purposes if present", function()
        1     local parser = tcf.new(tc_string)
        1     assert.are.equal(0, parser.numCustomPurposes)
            end)

        2   it("handles Disclosed Vendors (Type 1) - Mock", function()
              -- Type 1: bits 001...
              -- Let's say max_id=1, bitfield, vendor 1 has consent.
              -- bits: 001 (type) | 0000000000000001 (max_id=1) | 0 (bitfield) | 1 (vendor 1) | 0000 (padding to 6 bits)
              -- 00100000 00000000 01010000 -> 0x20 0x00 0x50
              -- base64: IAAVA (roughly)
              -- Actually let's just use a real-ish one if I can find one or just trust the logic.
            end)
          end)

==============================================================================
test/vendor/json.lua
==============================================================================
          --
          -- json.lua
          --
          -- Copyright (c) 2020 rxi
          --
          -- Permission is hereby granted, free of charge, to any person obtaining a copy of
          -- this software and associated documentation files (the "Software"), to deal in
          -- the Software without restriction, including without limitation the rights to
          -- use, copy, modify, merge, publish, distribute, sublicense, and/or sell copies
          -- of the Software, and to permit persons to whom the Software is furnished to do
          -- so, subject to the following conditions:
          --
          -- The above copyright notice and this permission notice shall be included in all
          -- copies or substantial portions of the Software.
          --
          -- THE SOFTWARE IS PROVIDED "AS IS", WITHOUT WARRANTY OF ANY KIND, EXPRESS OR
          -- IMPLIED, INCLUDING BUT NOT LIMITED TO THE WARRANTIES OF MERCHANTABILITY,
          -- FITNESS FOR A PARTICULAR PURPOSE AND NONINFRINGEMENT. IN NO EVENT SHALL THE
          -- AUTHORS OR COPYRIGHT HOLDERS BE LIABLE FOR ANY CLAIM, DAMAGES OR OTHER
          -- LIABILITY, WHETHER IN AN ACTION OF CONTRACT, TORT OR OTHERWISE, ARISING FROM,
          -- OUT OF OR IN CONNECTION WITH THE SOFTWARE OR THE USE OR OTHER DEALINGS IN THE
          -- SOFTWARE.
          --

        3 local json = { _version = "0.1.2" }

          -------------------------------------------------------------------------------
          -- Encode
          -------------------------------------------------------------------------------

          local encode

        3 local escape_char_map = {
        3   ["\\"] = "\\",
        3   ['"'] = '"',
        3   ["\b"] = "b",
        3   ["\f"] = "f",
        3   ["\n"] = "n",
        3   ["\r"] = "r",
        3   ["\t"] = "t",
          }

        3 local escape_char_map_inv = { ["/"] = "/" }
       24 for k, v in pairs(escape_char_map) do
       21   escape_char_map_inv[v] = k
          end

          local function escape_char(c)
********0   return "\\" .. (escape_char_map[c] or string.format("u%04x", c:byte()))
          end

          local function encode_nil(val)
********0   return "null"
          end

          local function encode_table(val, stack)
********0   local res = {}
********0   stack = stack or {}

            -- Circular reference?
********0   if stack[val] then
********0     error("circular reference")
            end

********0   stack[val] = true

********0   if rawget(val, 1) ~= nil or next(val) == nil then
              -- Treat as array -- check keys are valid and it is not sparse
********0     local n = 0
********0     for k in pairs(val) do
********0       if type(k) ~= "number" then
********0         error("invalid table: mixed or invalid key types")
                end
********0       n = n + 1
              end
********0     if n ~= #val then
********0       error("invalid table: sparse array")
              end
              -- Encode
********0     for i, v in ipairs(val) do
********0       table.insert(res, encode(v, stack))
              end
********0     stack[val] = nil
********0     return "[" .. table.concat(res, ",") .. "]"
            else
              -- Treat as an object
********0     for k, v in pairs(val) do
********0       if type(k) ~= "string" then
********0         error("invalid table: mixed or invalid key types")
                end
********0       table.insert(res, encode(k, stack) .. ":" .. encode(v, stack))
              end
********0     stack[val] = nil
********0     return "{" .. table.concat(res, ",") .. "}"
            end
          end

          local function encode_string(val)
********0   return '"' .. val:gsub('[%z\1-\31\\"]', escape_char) .. '"'
          end

          local function encode_number(val)
            -- Check for NaN, -inf and inf
********0   if val ~= val or val <= -math.huge or val >= math.huge then
********0     error("unexpected number value '" .. tostring(val) .. "'")
            end
********0   return string.format("%.14g", val)
          end

        3 local type_func_map = {
        3   ["nil"] = encode_nil,
        3   ["table"] = encode_table,
        3   ["string"] = encode_string,
        3   ["number"] = encode_number,
        3   ["boolean"] = tostring,
          }

          encode = function(val, stack)
********0   local t = type(val)
********0   local f = type_func_map[t]
********0   if f then
********0     return f(val, stack)
            end
********0   error("unexpected type '" .. t .. "'")
          end

        3 function json.encode(val)
********0   return (encode(val))
          end

          -------------------------------------------------------------------------------
          -- Decode
          -------------------------------------------------------------------------------

          local parse

          local function create_set(...)
       12   local res = {}
       81   for i = 1, select("#", ...) do
       69     res[select(i, ...)] = true
            end
       12   return res
          end

        3 local space_chars = create_set(" ", "\t", "\r", "\n")
        3 local delim_chars = create_set(" ", "\t", "\r", "\n", "]", "}", ",")
        3 local escape_chars = create_set("\\", "/", '"', "b", "f", "n", "r", "t", "u")
        3 local literals = create_set("true", "false", "null")

        3 local literal_map = {
        3   ["true"] = true,
        3   ["false"] = false,
        3   ["null"] = nil,
          }

          local function next_char(str, idx, set, negate)
 24437531   for i = idx, #str do
 24436407     if set[str:sub(i, i)] ~= negate then
 17572695       return i
              end
            end
     1124   return #str + 1
          end

          local function decode_error(str, idx, msg)
********0   local line_count = 1
********0   local col_count = 1
********0   for i = 1, idx - 1 do
********0     col_count = col_count + 1
********0     if str:sub(i, i) == "\n" then
********0       line_count = line_count + 1
********0       col_count = 1
              end
            end
********0   error(string.format("%s at line %d col %d", msg, line_count, col_count))
          end

          local function codepoint_to_utf8(n)
            -- http://scripts.sil.org/cms/scripts/page.php?site_id=nrsi&id=iws-appendixa
********0   local f = math.floor
********0   if n <= 0x7f then
********0     return string.char(n)
********0   elseif n <= 0x7ff then
********0     return string.char(f(n / 64) + 192, n % 64 + 128)
********0   elseif n <= 0xffff then
********0     return string.char(f(n / 4096) + 224, f(n % 4096 / 64) + 128, n % 64 + 128)
********0   elseif n <= 0x10ffff then
********0     return string.char(
********0       f(n / 262144) + 240,
********0       f(n % 262144 / 4096) + 128,
********0       f(n % 4096 / 64) + 128,
********0       n % 64 + 128
              )
            end
********0   error(string.format("invalid unicode codepoint '%x'", n))
          end

          local function parse_unicode_escape(s)
********0   local n1 = tonumber(s:sub(1, 4), 16)
********0   local n2 = tonumber(s:sub(7, 10), 16)
            -- Surrogate pair?
********0   if n2 then
********0     return codepoint_to_utf8((n1 - 0xd800) * 0x400 + (n2 - 0xdc00) + 0x10000)
            else
********0     return codepoint_to_utf8(n1)
            end
          end

          local function parse_string(str, i)
  3525993   local res = ""
  3525993   local j = i + 1
  3525993   local k = j

 16666364   while j <= #str do
 16666364     local x = str:byte(j)

 16666364     if x < 32 then
********0       decode_error(str, j, "control character in string")
 16666364     elseif x == 92 then -- `\`: Escape
********0       res = res .. str:sub(k, j - 1)
********0       j = j + 1
********0       local c = str:sub(j, j)
********0       if c == "u" then
********0         local hex = str:match("^[dD][89aAbB]%x%x\\u%x%x%x%x", j + 1)
********0           or str:match("^%x%x%x%x", j + 1)
********0           or decode_error(str, j - 1, "invalid unicode escape in string")
********0         res = res .. parse_unicode_escape(hex)
********0         j = j + #hex
                else
********0         if not escape_chars[c] then
********0           decode_error(
                      str,
********0             j - 1,
********0             "invalid escape char '" .. c .. "' in string"
                    )
                  end
********0         res = res .. escape_char_map_inv[c]
                end
********0       k = j + 1
 16666364     elseif x == 34 then -- `"`: End of string
  3525993       res = res .. str:sub(k, j - 1)
  3525993       return res, j + 1
              end

 13140371     j = j + 1
            end

********0   decode_error(str, i, "expected closing quote for string")
          end

          local function parse_number(str, i)
  2372208   local x = next_char(str, i, delim_chars)
  2372208   local s = str:sub(i, x - 1)
  2372208   local n = tonumber(s)
  2372208   if not n then
********0     decode_error(str, i, "invalid number '" .. s .. "'")
            end
  2372208   return n, x
          end

          local function parse_literal(str, i)
  1118639   local x = next_char(str, i, delim_chars)
  1118639   local word = str:sub(i, x - 1)
  1118639   if not literals[word] then
********0     decode_error(str, i, "invalid literal '" .. word .. "'")
            end
  1118639   return literal_map[word], x
          end

          local function parse_array(str, i)
********0   local res = {}
********0   local n = 1
********0   i = i + 1
********0   while 1 do
              local x
********0     i = next_char(str, i, space_chars, true)
              -- Empty / end of array?
********0     if str:sub(i, i) == "]" then
********0       i = i + 1
                break
              end
              -- Read token
********0     x, i = parse(str, i)
********0     res[n] = x
********0     n = n + 1
              -- Next token
********0     i = next_char(str, i, space_chars, true)
********0     local chr = str:sub(i, i)
********0     i = i + 1
********0     if chr == "]" then
                break
              end
********0     if chr ~= "," then
********0       decode_error(str, i, "expected ']' or ','")
              end
            end
********0   return res, i
          end

          local function parse_object(str, i)
    22782   local res = {}
    22782   i = i + 1
********0   while 1 do
              local key, val
  3522977     i = next_char(str, i, space_chars, true)
              -- Empty / end of object?
  3522977     if str:sub(i, i) == "}" then
     3728       i = i + 1
     3728       break
              end
              -- Read key
  3519249     if str:sub(i, i) ~= '"' then
********0       decode_error(str, i, "expected string for key")
              end
  3519249     key, i = parse(str, i)
              -- Read ':' delimiter
  3519249     i = next_char(str, i, space_chars, true)
  3519249     if str:sub(i, i) ~= ":" then
********0       decode_error(str, i, "expected ':' after key")
              end
  3519249     i = next_char(str, i + 1, space_chars, true)
              -- Read value
  3519249     val, i = parse(str, i)
              -- Set
  3519249     res[key] = val
              -- Next token
  3519249     i = next_char(str, i, space_chars, true)
  3519249     local chr = str:sub(i, i)
  3519249     i = i + 1
  3519249     if chr == "}" then
    19054       break
              end
  3500195     if chr ~= "," then
********0       decode_error(str, i, "expected '}' or ','")
              end
            end
    22782   return res, i
          end

        3 local char_func_map = {
        3   ['"'] = parse_string,
        3   ["0"] = parse_number,
        3   ["1"] = parse_number,
        3   ["2"] = parse_number,
        3   ["3"] = parse_number,
        3   ["4"] = parse_number,
        3   ["5"] = parse_number,
        3   ["6"] = parse_number,
        3   ["7"] = parse_number,
        3   ["8"] = parse_number,
        3   ["9"] = parse_number,
        3   ["-"] = parse_number,
        3   ["t"] = parse_literal,
        3   ["f"] = parse_literal,
        3   ["n"] = parse_literal,
        3   ["["] = parse_array,
        3   ["{"] = parse_object,
          }

          parse = function(str, idx)
  7039622   local chr = str:sub(idx, idx)
  7039622   local f = char_func_map[chr]
  7039622   if f then
  7039622     return f(str, idx)
            end
********0   decode_error(str, idx, "unexpected character '" .. chr .. "'")
          end

        3 function json.decode(str)
     1124   if type(str) ~= "string" then
********0     error("expected argument of type string, got " .. type(str))
            end
     1124   local res, idx = parse(str, next_char(str, 1, space_chars, true))
     1124   idx = next_char(str, idx, space_chars, true)
     1124   if idx <= #str then
********0     decode_error(str, idx, "trailing garbage")
            end
     1124   return res
          end

        3 return json

==============================================================================
Summary
==============================================================================

File                                                                                                  Hits Missed Coverage
--------------------------------------------------------------------------------------------------------------------------
/home/tiago/work/lua/lua-gdpr-iab-tcfv2/.rocks/share/lua/5.1/busted/block.lua                         64   31     67.37%
/home/tiago/work/lua/lua-gdpr-iab-tcfv2/.rocks/share/lua/5.1/busted/compatibility.lua                 2    32     5.88%
/home/tiago/work/lua/lua-gdpr-iab-tcfv2/.rocks/share/lua/5.1/busted/context.lua                       40   43     48.19%
/home/tiago/work/lua/lua-gdpr-iab-tcfv2/.rocks/share/lua/5.1/busted/core.lua                          99   97     50.51%
/home/tiago/work/lua/lua-gdpr-iab-tcfv2/.rocks/share/lua/5.1/busted/environment.lua                   6    15     28.57%
/home/tiago/work/lua/lua-gdpr-iab-tcfv2/.rocks/share/lua/5.1/busted/execute.lua                       19   21     47.50%
/home/tiago/work/lua/lua-gdpr-iab-tcfv2/.rocks/share/lua/5.1/busted/init.lua                          23   56     29.11%
/home/tiago/work/lua/lua-gdpr-iab-tcfv2/.rocks/share/lua/5.1/busted/languages/en.lua                  38   0      100.00%
/home/tiago/work/lua/lua-gdpr-iab-tcfv2/.rocks/share/lua/5.1/busted/luajit.lua                        3    25     10.71%
/home/tiago/work/lua/lua-gdpr-iab-tcfv2/.rocks/share/lua/5.1/busted/modules/files/lua.lua             10   1      90.91%
/home/tiago/work/lua/lua-gdpr-iab-tcfv2/.rocks/share/lua/5.1/busted/modules/files/moonscript.lua      6    46     11.54%
/home/tiago/work/lua/lua-gdpr-iab-tcfv2/.rocks/share/lua/5.1/busted/modules/filter_loader.lua         35   48     42.17%
/home/tiago/work/lua/lua-gdpr-iab-tcfv2/.rocks/share/lua/5.1/busted/modules/output_handler_loader.lua 9    10     47.37%
/home/tiago/work/lua/lua-gdpr-iab-tcfv2/.rocks/share/lua/5.1/busted/modules/test_file_loader.lua      44   10     81.48%
/home/tiago/work/lua/lua-gdpr-iab-tcfv2/.rocks/share/lua/5.1/busted/outputHandlers/base.lua           73   30     70.87%
/home/tiago/work/lua/lua-gdpr-iab-tcfv2/.rocks/share/lua/5.1/busted/outputHandlers/utfTerminal.lua    102  38     72.86%
/home/tiago/work/lua/lua-gdpr-iab-tcfv2/.rocks/share/lua/5.1/busted/runner.lua                        61   75     44.85%
/home/tiago/work/lua/lua-gdpr-iab-tcfv2/.rocks/share/lua/5.1/busted/status.lua                        22   2      91.67%
/home/tiago/work/lua/lua-gdpr-iab-tcfv2/.rocks/share/lua/5.1/busted/utils.lua                         13   8      61.90%
/home/tiago/work/lua/lua-gdpr-iab-tcfv2/.rocks/share/lua/5.1/cliargs.lua                              15   0      100.00%
/home/tiago/work/lua/lua-gdpr-iab-tcfv2/.rocks/share/lua/5.1/cliargs/core.lua                         50   84     37.31%
/home/tiago/work/lua/lua-gdpr-iab-tcfv2/.rocks/share/lua/5.1/cliargs/parser.lua                       50   98     33.78%
/home/tiago/work/lua/lua-gdpr-iab-tcfv2/.rocks/share/lua/5.1/cliargs/printer.lua                      7    144    4.64%
/home/tiago/work/lua/lua-gdpr-iab-tcfv2/.rocks/share/lua/5.1/cliargs/utils/disect.lua                 12   7      63.16%
/home/tiago/work/lua/lua-gdpr-iab-tcfv2/.rocks/share/lua/5.1/cliargs/utils/filter.lua                 4    1      80.00%
/home/tiago/work/lua/lua-gdpr-iab-tcfv2/.rocks/share/lua/5.1/cliargs/utils/lookup.lua                 6    4      60.00%
/home/tiago/work/lua/lua-gdpr-iab-tcfv2/.rocks/share/lua/5.1/cliargs/utils/split.lua                  11   3      78.57%
/home/tiago/work/lua/lua-gdpr-iab-tcfv2/.rocks/share/lua/5.1/luassert/assert.lua                      20   61     24.69%
/home/tiago/work/lua/lua-gdpr-iab-tcfv2/.rocks/share/lua/5.1/luassert/assertions.lua                  21   199    9.55%
/home/tiago/work/lua/lua-gdpr-iab-tcfv2/.rocks/share/lua/5.1/luassert/modifiers.lua                   3    8      27.27%
/home/tiago/work/lua/lua-gdpr-iab-tcfv2/.rocks/share/lua/5.1/luassert/state.lua                       2    49     3.92%
/home/tiago/work/lua/lua-gdpr-iab-tcfv2/.rocks/share/lua/5.1/luassert/util.lua                        49   129    27.53%
/home/tiago/work/lua/lua-gdpr-iab-tcfv2/.rocks/share/lua/5.1/mediator.lua                             41   26     61.19%
/home/tiago/work/lua/lua-gdpr-iab-tcfv2/.rocks/share/lua/5.1/pl/List.lua                              62   156    28.44%
/home/tiago/work/lua/lua-gdpr-iab-tcfv2/.rocks/share/lua/5.1/pl/class.lua                             20   82     19.61%
/home/tiago/work/lua/lua-gdpr-iab-tcfv2/.rocks/share/lua/5.1/pl/dir.lua                               65   188    25.69%
/home/tiago/work/lua/lua-gdpr-iab-tcfv2/.rocks/share/lua/5.1/pl/path.lua                              36   222    13.95%
/home/tiago/work/lua/lua-gdpr-iab-tcfv2/.rocks/share/lua/5.1/pl/tablex.lua                            27   375    6.72%
/home/tiago/work/lua/lua-gdpr-iab-tcfv2/.rocks/share/lua/5.1/pl/types.lua                             5    63     7.35%
/home/tiago/work/lua/lua-gdpr-iab-tcfv2/.rocks/share/lua/5.1/pl/utils.lua                             9    292    2.99%
/home/tiago/work/lua/lua-gdpr-iab-tcfv2/.rocks/share/lua/5.1/say/init.lua                             13   15     46.43%
/home/tiago/work/lua/lua-gdpr-iab-tcfv2/.rocks/share/lua/5.1/term/colors.lua                          3    14     17.65%
/usr/share/lua/5.1/luarocks/core/dir.lua                                                              31   13     70.45%
/usr/share/lua/5.1/luarocks/core/manif.lua                                                            15   39     27.78%
/usr/share/lua/5.1/luarocks/core/path.lua                                                             16   53     23.19%
/usr/share/lua/5.1/luarocks/core/persist.lua                                                          14   24     36.84%
/usr/share/lua/5.1/luarocks/loader.lua                                                                9    77     10.47%
src/gdpr/iab/tcfv2/allowed_vendors.lua                                                                6    9      40.00%
src/gdpr/iab/tcfv2/base64.lua                                                                         26   1      96.30%
src/gdpr/iab/tcfv2/bit.lua                                                                            24   25     48.98%
src/gdpr/iab/tcfv2/bitstream.lua                                                                      43   4      91.49%
src/gdpr/iab/tcfv2/common.lua                                                                         54   9      85.71%
src/gdpr/iab/tcfv2/core.lua                                                                           136  2      98.55%
src/gdpr/iab/tcfv2/disclosed_vendors.lua                                                              6    9      40.00%
src/gdpr/iab/tcfv2/init.lua                                                                           41   18     69.49%
src/gdpr/iab/tcfv2/publisher_tc.lua                                                                   22   2      91.67%
src/gdpr/iab/tcfv2/router.lua                                                                         25   7      78.12%
test/core_spec.lua                                                                                    40   1      97.56%
test/golden_harness.lua                                                                               17   4      80.95%
test/golden_spec.lua                                                                                  48   2      96.00%
test/parity_helper.lua                                                                                31   0      100.00%
test/plumbing_spec.lua                                                                                39   0      100.00%
test/router_spec.lua                                                                                  21   1      95.45%
test/vendor/json.lua                                                                                  104  105    49.76%
--------------------------------------------------------------------------------------------------------------------------
Total                                                                                                 1968 3213   37.98%
